Attempt ID,Started,Ended,Time
1,01 Feb 20 18:42:29,01 Feb 20 18:45:19,
2,01 Feb 20 18:46:35,01 Feb 20 19:03:34,
3,01 Feb 20 19:03:51,01 Feb 20 19:03:59,
4,01 Feb 20 19:04:10,01 Feb 20 19:04:13,
5,01 Feb 20 19:05:23,01 Feb 20 19:07:43,
6,01 Feb 20 19:09:13,01 Feb 20 19:11:36,
7,01 Feb 20 19:12:59,01 Feb 20 19:15:24,
8,01 Feb 20 19:16:59,01 Feb 20 19:36:47,
9,01 Feb 20 19:38:03,01 Feb 20 19:38:10,
10,01 Feb 20 19:39:22,01 Feb 20 19:41:45,
11,01 Feb 20 19:43:08,01 Feb 20 20:00:38,
12,01 Feb 20 20:04:49,01 Feb 20 20:07:10,
13,01 Feb 20 20:08:35,01 Feb 20 20:09:37,
14,01 Feb 20 20:10:51,01 Feb 20 20:13:11,
15,01 Feb 20 20:14:37,01 Feb 20 20:17:03,
16,01 Feb 20 20:18:25,01 Feb 20 20:33:19,
17,01 Feb 20 20:35:32,01 Feb 20 20:51:38,
18,02 Feb 20 18:03:59,02 Feb 20 18:04:59,
19,02 Feb 20 18:06:40,02 Feb 20 18:07:45,
20,02 Feb 20 18:09:25,02 Feb 20 18:17:07,
21,02 Feb 20 18:18:19,02 Feb 20 18:27:08,
22,02 Feb 20 18:28:46,02 Feb 20 18:29:42,
23,02 Feb 20 18:30:55,02 Feb 20 18:37:30,
24,02 Feb 20 18:41:17,02 Feb 20 18:42:16,
25,02 Feb 20 18:43:29,02 Feb 20 18:45:50,
26,02 Feb 20 18:48:32,02 Feb 20 18:49:29,
27,02 Feb 20 18:50:41,02 Feb 20 18:51:40,
28,02 Feb 20 18:52:59,02 Feb 20 19:02:19,
29,02 Feb 20 19:05:34,02 Feb 20 19:06:34,
30,02 Feb 20 19:07:48,02 Feb 20 19:08:46,
31,02 Feb 20 19:10:07,02 Feb 20 19:11:10,
32,02 Feb 20 19:12:23,02 Feb 20 19:13:19,
33,02 Feb 20 19:14:32,02 Feb 20 20:15:25,
34,11 Feb 20 17:58:12,11 Feb 20 18:17:58,
35,11 Feb 20 18:19:32,11 Feb 20 18:19:35,
36,11 Feb 20 18:20:22,11 Feb 20 18:37:51,
37,11 Feb 20 18:41:32,11 Feb 20 18:58:39,
38,11 Feb 20 18:59:55,11 Feb 20 19:17:39,
39,11 Feb 20 19:19:00,11 Feb 20 19:36:04,
40,11 Feb 20 19:37:19,11 Feb 20 19:46:02,
41,11 Feb 20 19:48:59,11 Feb 20 20:06:29,
42,12 Feb 20 18:56:21,12 Feb 20 19:12:37,
43,12 Feb 20 19:13:50,12 Feb 20 19:33:24,
44,12 Feb 20 19:46:29,12 Feb 20 20:05:12,
45,12 Feb 20 20:06:32,12 Feb 20 20:28:29,
46,12 Feb 20 20:29:45,12 Feb 20 22:32:45,
47,17 Feb 20 19:41:06,17 Feb 20 20:12:57,00:31:49.55
48,18 Feb 20 17:23:13,18 Feb 20 17:39:29,
49,18 Feb 20 17:40:52,18 Feb 20 17:55:33,
50,18 Feb 20 18:04:50,18 Feb 20 18:24:27,
51,18 Feb 20 18:25:40,18 Feb 20 18:42:33,
52,18 Feb 20 18:46:26,18 Feb 20 18:49:24,
53,18 Feb 20 18:50:38,18 Feb 20 19:10:32,
54,06 Mar 20 12:51:48,06 Mar 20 13:27:47,00:35:57.99
55,22 Mar 20 16:32:22,22 Mar 20 16:39:21,
56,22 Mar 20 16:42:27,22 Mar 20 16:49:55,
57,22 Mar 20 16:51:17,22 Mar 20 17:00:42,
58,22 Mar 20 17:01:42,22 Mar 20 17:13:31,
59,22 Mar 20 17:15:00,22 Mar 20 17:29:11,
60,25 Mar 20 19:26:21,25 Mar 20 19:35:08,
61,25 Mar 20 19:36:24,25 Mar 20 19:38:20,
62,25 Mar 20 19:38:39,25 Mar 20 19:39:38,
63,25 Mar 20 19:40:53,25 Mar 20 19:49:44,
64,25 Mar 20 19:50:58,25 Mar 20 19:57:02,
65,25 Mar 20 19:58:17,25 Mar 20 20:09:46,
66,29 Apr 20 21:21:56,29 Apr 20 21:51:31,00:29:33.57
67,29 Apr 20 22:46:03,29 Apr 20 22:47:14,
68,29 Apr 20 22:48:28,29 Apr 20 23:22:35,00:34:05.34
69,03 May 20 21:56:41,03 May 20 21:57:22,
70,03 May 20 21:58:49,03 May 20 22:18:47,
71,03 May 20 22:22:44,03 May 20 22:28:50,
72,03 May 20 22:30:06,03 May 20 22:58:09,00:28:01.53
73,04 May 20 22:01:31,04 May 20 22:29:37,
74,05 May 20 03:16:49,05 May 20 03:17:38,
75,05 May 20 03:19:07,05 May 20 03:22:25,
76,05 May 20 03:23:42,05 May 20 03:29:54,
77,05 May 20 03:31:24,05 May 20 03:33:50,
78,05 May 20 05:23:08,05 May 20 05:25:52,
79,05 May 20 05:27:10,05 May 20 05:56:24,00:29:11.93
80,06 May 20 21:15:11,06 May 20 21:16:18,
81,06 May 20 21:18:04,06 May 20 21:25:49,
82,06 May 20 21:27:03,06 May 20 21:43:11,
83,06 May 20 21:50:58,06 May 20 21:59:40,
84,06 May 20 22:00:55,06 May 20 22:09:55,
85,06 May 20 22:11:09,06 May 20 22:17:14,
86,06 May 20 22:18:29,06 May 20 22:21:06,
87,06 May 20 22:22:28,06 May 20 22:23:27,
88,06 May 20 22:24:40,06 May 20 22:36:24,
89,06 May 20 22:37:39,06 May 20 22:50:35,
90,06 May 20 22:51:54,06 May 20 22:54:33,
91,06 May 20 22:55:53,07 May 20 00:06:53,
92,07 May 20 20:31:46,07 May 20 20:40:14,
93,07 May 20 20:41:30,07 May 20 20:50:06,
94,07 May 20 20:52:32,07 May 20 20:54:59,
95,07 May 20 20:56:21,07 May 20 20:59:35,
96,07 May 20 21:01:54,07 May 20 21:10:23,
97,07 May 20 21:13:57,07 May 20 21:16:22,
98,07 May 20 21:17:45,07 May 20 21:20:15,
99,07 May 20 21:21:36,07 May 20 21:33:36,
100,07 May 20 21:35:14,07 May 20 21:41:28,
101,07 May 20 21:42:43,07 May 20 21:45:57,
102,07 May 20 21:47:12,07 May 20 21:47:19,
103,07 May 20 21:48:32,07 May 20 22:04:09,
104,07 May 20 22:07:48,07 May 20 22:14:26,
105,07 May 20 22:15:42,07 May 20 22:16:43,
106,07 May 20 22:19:00,07 May 20 22:20:10,
107,07 May 20 22:21:32,07 May 20 22:22:37,
108,07 May 20 22:23:49,07 May 20 22:27:17,
109,07 May 20 22:29:41,07 May 20 22:33:20,
110,07 May 20 22:35:36,07 May 20 23:02:54,00:27:16.68
111,07 May 20 23:10:35,07 May 20 23:19:16,
112,12 May 20 19:50:12,12 May 20 19:53:40,
113,12 May 20 19:55:03,12 May 20 20:04:32,
114,12 May 20 20:04:33,12 May 20 20:04:35,
115,19 May 20 16:49:08,19 May 20 16:57:52,
116,19 May 20 16:59:16,19 May 20 17:00:17,
117,19 May 20 17:01:30,19 May 20 17:02:33,
118,19 May 20 17:03:48,19 May 20 17:06:19,
119,19 May 20 17:07:36,19 May 20 17:13:44,
120,19 May 20 17:14:58,19 May 20 17:26:11,
121,19 May 20 17:27:25,19 May 20 17:29:50,
122,19 May 20 17:31:11,19 May 20 17:33:35,
123,19 May 20 17:34:56,19 May 20 17:43:25,
124,19 May 20 17:44:41,19 May 20 17:45:44,
125,19 May 20 17:46:57,19 May 20 17:49:17,
126,19 May 20 17:50:44,19 May 20 17:51:43,
127,19 May 20 17:52:56,19 May 20 17:53:56,
128,19 May 20 17:55:23,19 May 20 17:55:25,
129,19 May 20 17:56:23,19 May 20 17:57:22,
130,19 May 20 18:00:07,19 May 20 18:02:29,
131,19 May 20 18:03:59,19 May 20 18:11:34,
132,19 May 20 18:14:11,19 May 20 18:20:16,
133,19 May 20 18:21:32,19 May 20 18:23:57,
134,19 May 20 18:25:18,19 May 20 18:26:14,
135,19 May 20 18:27:27,19 May 20 18:29:50,
136,19 May 20 18:31:17,19 May 20 18:44:13,
137,19 May 20 18:46:08,19 May 20 18:55:30,
138,19 May 20 18:56:42,19 May 20 18:59:14,
139,19 May 20 19:00:40,19 May 20 19:01:51,
140,19 May 20 19:02:59,19 May 20 19:05:21,
141,19 May 20 19:07:03,19 May 20 19:09:25,
142,19 May 20 19:10:44,19 May 20 19:13:14,
143,19 May 20 19:14:34,19 May 20 19:22:57,
144,19 May 20 19:24:13,19 May 20 19:25:07,
145,19 May 20 19:26:28,19 May 20 19:32:47,
146,20 May 20 16:42:51,20 May 20 16:42:54,
147,20 May 20 16:43:51,20 May 20 16:46:33,
148,20 May 20 16:47:38,20 May 20 16:49:43,
149,20 May 20 16:50:51,20 May 20 17:07:37,
150,21 May 20 18:25:51,21 May 20 18:25:56,
151,21 May 20 18:26:51,21 May 20 18:28:08,
152,21 May 20 18:29:24,21 May 20 18:30:24,
153,21 May 20 18:31:57,21 May 20 18:38:01,
154,21 May 20 18:39:19,21 May 20 18:40:31,
155,21 May 20 18:41:50,21 May 20 18:42:57,
156,21 May 20 18:44:10,21 May 20 19:04:41,
157,21 May 20 19:06:24,21 May 20 19:07:26,
158,21 May 20 19:08:41,21 May 20 19:09:45,
159,21 May 20 19:10:57,21 May 20 19:11:56,
160,21 May 20 19:13:14,21 May 20 19:26:05,
161,21 May 20 19:27:59,21 May 20 19:31:04,
162,21 May 20 19:32:49,21 May 20 19:33:50,
163,21 May 20 19:35:03,21 May 20 19:38:11,
164,21 May 20 19:40:10,21 May 20 19:49:30,
165,21 May 20 19:51:51,21 May 20 19:54:21,
166,21 May 20 19:55:45,21 May 20 20:08:35,
167,21 May 20 20:12:09,21 May 20 20:19:49,
168,21 May 20 20:21:02,21 May 20 20:36:12,
169,21 May 20 20:41:02,21 May 20 20:41:05,
170,21 May 20 20:42:00,21 May 20 20:48:04,
171,21 May 20 20:49:20,21 May 20 20:50:19,
172,21 May 20 20:51:33,21 May 20 20:55:12,
173,21 May 20 20:57:52,21 May 20 20:58:49,
174,21 May 20 21:00:01,21 May 20 21:01:01,
175,21 May 20 21:02:14,21 May 20 21:03:12,
176,22 May 20 22:11:55,22 May 20 22:17:58,
177,22 May 20 22:19:15,22 May 20 22:21:38,
178,22 May 20 22:23:00,22 May 20 22:32:07,
179,22 May 20 22:33:41,22 May 20 22:40:56,
180,22 May 20 22:42:11,22 May 20 22:51:27,
181,22 May 20 23:01:26,22 May 20 23:09:52,
182,22 May 20 23:14:18,22 May 20 23:22:36,
183,22 May 20 23:23:53,22 May 20 23:24:50,
184,22 May 20 23:26:03,22 May 20 23:32:18,
185,22 May 20 23:33:46,22 May 20 23:34:39,
186,22 May 20 23:35:52,22 May 20 23:38:17,
187,22 May 20 23:39:40,22 May 20 23:43:05,
188,22 May 20 23:44:23,22 May 20 23:45:21,
189,22 May 20 23:46:34,22 May 20 23:47:29,
190,22 May 20 23:48:45,22 May 20 23:49:43,
191,22 May 20 23:50:57,22 May 20 23:53:36,
192,23 May 20 18:32:58,23 May 20 19:02:41,00:29:41.35
193,26 May 20 21:45:49,26 May 20 21:48:18,
194,26 May 20 21:49:38,26 May 20 21:52:22,
195,26 May 20 21:53:35,26 May 20 21:55:56,
196,26 May 20 21:57:24,26 May 20 22:17:59,
197,28 May 20 19:19:36,28 May 20 19:49:41,00:30:04.14
198,28 May 20 19:59:21,28 May 20 20:30:37,00:31:14.59
199,28 May 20 20:38:33,28 May 20 20:45:08,
200,28 May 20 20:46:36,28 May 20 20:53:15,
201,28 May 20 20:55:46,28 May 20 21:08:12,
202,29 May 20 20:26:43,,00:37:57.96
203,29 May 20 20:10:26,29 May 20 20:10:30,
204,01 Jun 20 17:59:04,01 Jun 20 18:32:56,00:33:49.88
205,01 Jun 20 19:11:57,01 Jun 20 19:31:14,
206,03 Jun 20 19:12:49,03 Jun 20 19:15:35,
207,03 Jun 20 19:16:28,03 Jun 20 19:32:08,
208,03 Jun 20 19:33:23,03 Jun 20 19:35:49,
209,03 Jun 20 19:37:10,03 Jun 20 19:38:35,
210,03 Jun 20 19:39:56,03 Jun 20 19:42:16,
211,03 Jun 20 19:43:37,03 Jun 20 20:03:49,
212,03 Jun 20 20:05:28,03 Jun 20 20:07:48,
213,03 Jun 20 20:09:10,03 Jun 20 20:10:15,
214,03 Jun 20 20:11:55,03 Jun 20 20:24:11,
215,03 Jun 20 20:26:49,03 Jun 20 20:34:22,
216,03 Jun 20 20:36:53,03 Jun 20 20:39:21,
217,03 Jun 20 20:40:57,03 Jun 20 20:43:23,
218,03 Jun 20 20:44:52,03 Jun 20 20:50:55,
219,04 Jun 20 19:09:31,04 Jun 20 19:11:57,
220,04 Jun 20 19:13:49,04 Jun 20 19:16:16,
221,04 Jun 20 19:17:41,04 Jun 20 19:29:07,
222,04 Jun 20 19:33:09,04 Jun 20 19:35:37,
223,04 Jun 20 19:36:58,04 Jun 20 19:51:10,
224,04 Jun 20 19:59:11,04 Jun 20 20:03:40,
225,04 Jun 20 20:46:37,04 Jun 20 21:12:33,
226,05 Jun 20 19:21:27,05 Jun 20 19:24:04,
227,05 Jun 20 19:25:35,05 Jun 20 19:28:02,
228,05 Jun 20 19:29:48,05 Jun 20 19:32:18,
229,06 Jun 20 18:19:30,06 Jun 20 18:21:51,
230,06 Jun 20 18:23:12,06 Jun 20 18:32:08,
231,06 Jun 20 18:33:23,06 Jun 20 18:37:34,
232,06 Jun 20 18:39:00,06 Jun 20 18:46:36,
233,06 Jun 20 18:47:49,06 Jun 20 18:50:16,
234,06 Jun 20 18:51:39,06 Jun 20 19:07:08,
235,06 Jun 20 19:08:24,06 Jun 20 19:10:46,
236,06 Jun 20 19:12:11,06 Jun 20 19:20:54,
237,06 Jun 20 19:23:58,06 Jun 20 19:38:04,
238,06 Jun 20 19:39:37,06 Jun 20 19:47:56,
239,06 Jun 20 19:51:20,06 Jun 20 19:53:48,
240,06 Jun 20 19:55:09,06 Jun 20 19:57:33,
241,06 Jun 20 19:58:54,06 Jun 20 20:01:14,
242,06 Jun 20 20:02:42,06 Jun 20 20:12:17,
243,06 Jun 20 20:13:38,06 Jun 20 20:27:56,
244,06 Jun 20 20:35:51,06 Jun 20 20:36:44,
245,08 Jun 20 19:22:42,08 Jun 20 19:34:43,
246,08 Jun 20 19:57:07,08 Jun 20 20:20:40,
247,08 Jun 20 20:22:02,08 Jun 20 20:38:29,
248,08 Jun 20 20:39:47,08 Jun 20 20:51:22,
249,08 Jun 20 23:20:48,08 Jun 20 23:23:21,
250,08 Jun 20 23:24:54,08 Jun 20 23:29:47,
251,08 Jun 20 23:31:33,08 Jun 20 23:41:08,
252,10 Jun 20 19:04:52,10 Jun 20 19:11:30,
253,10 Jun 20 19:15:34,10 Jun 20 19:17:59,
254,10 Jun 20 19:19:20,10 Jun 20 19:31:36,
255,10 Jun 20 19:46:54,10 Jun 20 19:56:55,
256,10 Jun 20 19:58:12,10 Jun 20 20:06:51,
257,11 Jun 20 20:53:28,11 Jun 20 20:54:33,
258,11 Jun 20 20:56:14,11 Jun 20 20:56:18,
259,11 Jun 20 20:57:03,11 Jun 20 21:06:21,
260,11 Jun 20 21:07:56,11 Jun 20 21:09:04,
261,11 Jun 20 21:10:24,11 Jun 20 21:14:27,
262,11 Jun 20 21:15:37,11 Jun 20 21:16:47,
263,11 Jun 20 21:18:05,11 Jun 20 21:25:44,
264,11 Jun 20 21:28:28,11 Jun 20 21:29:25,
265,11 Jun 20 21:31:08,11 Jun 20 21:32:09,
266,11 Jun 20 21:33:19,11 Jun 20 21:41:02,
267,11 Jun 20 21:42:19,11 Jun 20 21:44:44,
268,11 Jun 20 21:46:06,11 Jun 20 21:47:10,
269,11 Jun 20 21:48:23,11 Jun 20 21:55:34,
270,11 Jun 20 21:56:55,11 Jun 20 21:57:58,
271,11 Jun 20 21:59:16,11 Jun 20 22:18:52,
272,12 Jun 20 18:55:44,12 Jun 20 18:58:10,
273,12 Jun 20 18:59:31,12 Jun 20 19:14:51,
274,12 Jun 20 19:18:32,12 Jun 20 20:03:55,
275,12 Jun 20 20:08:38,12 Jun 20 20:16:04,
276,14 Jun 20 18:57:22,14 Jun 20 19:28:39,00:31:15.59
277,15 Jun 20 19:44:10,15 Jun 20 20:13:52,00:29:40.36
278,17 Jun 20 18:40:42,17 Jun 20 18:43:09,
279,17 Jun 20 18:45:16,17 Jun 20 18:47:40,
280,17 Jun 20 18:49:07,17 Jun 20 18:50:14,
281,17 Jun 20 18:51:31,17 Jun 20 18:57:53,
282,17 Jun 20 19:01:18,17 Jun 20 19:09:01,
283,17 Jun 20 19:10:14,17 Jun 20 19:12:42,
284,17 Jun 20 19:13:17,17 Jun 20 19:13:21,
285,17 Jun 20 19:14:34,17 Jun 20 19:15:36,
286,17 Jun 20 19:16:52,17 Jun 20 19:19:13,
287,17 Jun 20 19:21:00,17 Jun 20 19:26:00,
288,25 Jun 20 16:42:08,25 Jun 20 16:44:28,
289,25 Jun 20 16:45:51,25 Jun 20 16:48:20,
290,25 Jun 20 16:49:35,25 Jun 20 16:56:13,
291,25 Jun 20 16:57:16,25 Jun 20 17:13:05,
292,25 Jun 20 17:14:22,25 Jun 20 17:21:59,
293,25 Jun 20 17:23:12,25 Jun 20 17:26:04,
294,25 Jun 20 17:27:32,25 Jun 20 17:39:07,
295,25 Jun 20 17:40:23,25 Jun 20 17:43:14,
296,25 Jun 20 17:44:38,25 Jun 20 17:45:43,
297,25 Jun 20 17:46:55,25 Jun 20 17:55:22,
298,25 Jun 20 17:57:41,25 Jun 20 18:06:34,
299,25 Jun 20 18:07:59,25 Jun 20 18:09:08,
300,25 Jun 20 18:10:18,25 Jun 20 18:11:25,
301,25 Jun 20 18:12:28,25 Jun 20 18:15:00,
302,25 Jun 20 18:16:39,25 Jun 20 18:22:46,
303,25 Jun 20 18:24:02,25 Jun 20 18:39:18,
304,25 Jun 20 18:43:50,25 Jun 20 18:44:49,
305,25 Jun 20 18:46:07,25 Jun 20 19:30:06,
306,25 Jun 20 19:36:59,25 Jun 20 19:37:03,
307,01 Jul 20 17:45:08,01 Jul 20 17:47:56,
308,01 Jul 20 17:49:20,01 Jul 20 17:57:13,
309,01 Jul 20 17:58:27,01 Jul 20 18:00:55,
310,01 Jul 20 18:02:20,01 Jul 20 18:03:27,
311,01 Jul 20 18:04:44,01 Jul 20 18:07:07,
312,01 Jul 20 18:08:38,01 Jul 20 18:28:23,
313,01 Jul 20 18:29:55,01 Jul 20 18:32:16,
314,01 Jul 20 18:33:40,01 Jul 20 18:36:07,
315,01 Jul 20 18:37:35,01 Jul 20 18:39:57,
316,01 Jul 20 18:41:14,01 Jul 20 18:50:21,
317,01 Jul 20 18:51:34,01 Jul 20 18:59:18,
318,01 Jul 20 19:00:28,01 Jul 20 19:02:52,
319,01 Jul 20 19:18:38,01 Jul 20 19:27:39,
320,01 Jul 20 19:28:58,01 Jul 20 19:31:17,
321,01 Jul 20 19:32:39,01 Jul 20 19:35:03,
322,01 Jul 20 19:36:28,01 Jul 20 19:42:54,
323,01 Jul 20 19:44:11,01 Jul 20 19:58:06,
324,03 Jul 20 17:54:46,03 Jul 20 17:57:15,
325,03 Jul 20 17:58:38,03 Jul 20 18:01:03,
326,03 Jul 20 18:02:22,03 Jul 20 18:04:53,
327,03 Jul 20 18:06:14,03 Jul 20 18:08:46,
328,03 Jul 20 18:10:08,03 Jul 20 18:20:55,
329,03 Jul 20 18:29:16,03 Jul 20 18:31:41,
330,03 Jul 20 18:33:05,03 Jul 20 18:34:09,
331,03 Jul 20 18:35:24,03 Jul 20 18:37:45,
332,03 Jul 20 18:39:12,03 Jul 20 18:48:18,
333,03 Jul 20 18:49:33,03 Jul 20 18:50:33,
334,03 Jul 20 18:51:47,03 Jul 20 18:59:34,
335,03 Jul 20 19:00:52,03 Jul 20 19:01:58,
336,03 Jul 20 19:03:11,03 Jul 20 19:17:24,
337,03 Jul 20 19:19:17,03 Jul 20 19:23:21,
338,03 Jul 20 19:26:24,03 Jul 20 19:35:43,
339,03 Jul 20 19:36:49,03 Jul 20 19:39:07,
340,03 Jul 20 19:40:30,03 Jul 20 19:42:50,
341,03 Jul 20 19:44:12,03 Jul 20 19:50:43,
342,03 Jul 20 19:51:59,03 Jul 20 19:54:20,
343,03 Jul 20 19:55:43,03 Jul 20 19:58:15,
344,03 Jul 20 19:59:38,03 Jul 20 20:06:26,
345,04 Jul 20 17:54:15,04 Jul 20 17:55:21,
346,04 Jul 20 17:56:34,04 Jul 20 18:05:11,
347,04 Jul 20 18:06:54,04 Jul 20 18:24:04,
348,04 Jul 20 18:25:22,04 Jul 20 18:34:59,
349,04 Jul 20 18:37:59,04 Jul 20 18:40:29,
350,04 Jul 20 18:41:52,04 Jul 20 18:54:46,
351,04 Jul 20 18:56:01,04 Jul 20 19:04:37,
352,04 Jul 20 19:09:19,04 Jul 20 19:15:21,
353,04 Jul 20 19:17:16,04 Jul 20 19:19:37,
354,04 Jul 20 19:20:59,04 Jul 20 19:34:55,
355,04 Jul 20 19:37:43,04 Jul 20 19:39:59,
356,04 Jul 20 19:42:20,04 Jul 20 19:48:26,
357,04 Jul 20 19:49:41,04 Jul 20 19:56:14,
358,04 Jul 20 19:57:38,04 Jul 20 19:59:58,
359,04 Jul 20 20:01:21,04 Jul 20 21:25:45,
360,05 Jul 20 17:52:52,05 Jul 20 17:55:14,
361,05 Jul 20 17:56:57,05 Jul 20 17:59:20,
362,05 Jul 20 18:00:57,05 Jul 20 18:03:15,
363,05 Jul 20 18:06:17,05 Jul 20 18:17:58,
364,05 Jul 20 18:19:24,05 Jul 20 18:21:59,
365,05 Jul 20 18:23:25,05 Jul 20 18:26:06,
366,05 Jul 20 18:28:27,05 Jul 20 18:33:58,
367,05 Jul 20 18:36:27,05 Jul 20 18:37:30,
368,05 Jul 20 18:38:41,05 Jul 20 18:39:47,
369,05 Jul 20 18:41:06,05 Jul 20 18:42:12,
370,05 Jul 20 18:43:25,05 Jul 20 18:45:55,
371,05 Jul 20 18:47:28,05 Jul 20 18:54:18,
372,05 Jul 20 18:55:33,05 Jul 20 19:03:53,
373,05 Jul 20 19:06:01,05 Jul 20 19:08:29,
374,05 Jul 20 19:09:54,05 Jul 20 19:34:14,
375,05 Jul 20 19:37:35,05 Jul 20 19:38:37,
376,05 Jul 20 19:39:53,05 Jul 20 19:40:57,
377,05 Jul 20 19:42:18,05 Jul 20 19:42:19,
378,05 Jul 20 19:43:44,05 Jul 20 19:52:37,
379,05 Jul 20 19:53:52,05 Jul 20 20:12:06,
380,06 Jul 20 18:32:55,06 Jul 20 18:41:13,
381,06 Jul 20 18:42:29,06 Jul 20 18:44:49,
382,06 Jul 20 18:46:10,06 Jul 20 18:47:11,
383,06 Jul 20 18:48:24,06 Jul 20 18:50:47,
384,06 Jul 20 18:52:16,06 Jul 20 19:00:35,
385,06 Jul 20 19:03:03,06 Jul 20 19:11:45,
386,06 Jul 20 19:15:24,06 Jul 20 19:17:45,
387,06 Jul 20 19:19:14,06 Jul 20 19:21:35,
388,06 Jul 20 19:23:09,06 Jul 20 19:24:16,
389,06 Jul 20 19:25:30,06 Jul 20 19:38:27,
390,06 Jul 20 19:40:35,06 Jul 20 19:42:54,
391,06 Jul 20 19:44:17,06 Jul 20 19:52:41,
392,06 Jul 20 19:54:13,06 Jul 20 20:00:12,
393,06 Jul 20 20:01:27,06 Jul 20 20:03:47,
394,06 Jul 20 20:05:11,06 Jul 20 20:06:06,
395,06 Jul 20 20:08:50,06 Jul 20 20:11:16,
396,06 Jul 20 20:12:34,06 Jul 20 20:15:08,
397,06 Jul 20 20:16:23,06 Jul 20 20:47:02,00:30:37.58
398,07 Jul 20 17:27:57,07 Jul 20 17:39:10,
399,07 Jul 20 17:41:28,07 Jul 20 17:42:26,
400,07 Jul 20 17:43:46,07 Jul 20 17:52:57,
401,07 Jul 20 17:54:12,07 Jul 20 17:56:41,
402,07 Jul 20 17:58:14,07 Jul 20 18:00:39,
403,07 Jul 20 18:04:11,07 Jul 20 18:05:33,
404,07 Jul 20 18:06:46,07 Jul 20 18:15:43,
405,07 Jul 20 18:17:03,07 Jul 20 18:23:11,
406,07 Jul 20 18:24:28,07 Jul 20 18:26:48,
407,07 Jul 20 18:28:10,07 Jul 20 18:29:08,
408,07 Jul 20 18:30:50,07 Jul 20 18:40:33,
409,07 Jul 20 18:41:44,07 Jul 20 18:44:12,
410,07 Jul 20 18:45:43,07 Jul 20 18:46:45,
411,07 Jul 20 18:48:02,07 Jul 20 18:54:13,
412,07 Jul 20 18:55:34,07 Jul 20 18:58:13,
413,07 Jul 20 18:59:28,07 Jul 20 19:00:26,
414,07 Jul 20 19:01:45,07 Jul 20 19:04:27,
415,07 Jul 20 19:05:43,07 Jul 20 19:16:58,
416,07 Jul 20 19:19:59,07 Jul 20 19:22:25,
417,07 Jul 20 19:23:47,07 Jul 20 19:24:51,
418,07 Jul 20 19:26:06,07 Jul 20 19:28:30,
419,07 Jul 20 19:29:52,07 Jul 20 19:37:31,
420,07 Jul 20 19:38:45,07 Jul 20 19:41:06,
421,07 Jul 20 19:42:28,07 Jul 20 19:43:27,
422,07 Jul 20 19:44:41,07 Jul 20 20:03:05,
423,07 Jul 20 20:07:34,07 Jul 20 20:10:04,
424,07 Jul 20 20:11:46,07 Jul 20 20:34:53,
425,09 Jul 20 17:36:30,09 Jul 20 17:44:23,
426,09 Jul 20 17:49:05,09 Jul 20 17:51:24,
427,09 Jul 20 17:52:47,09 Jul 20 17:59:14,
428,09 Jul 20 18:00:37,09 Jul 20 18:03:02,
429,09 Jul 20 18:04:49,09 Jul 20 18:05:53,
430,09 Jul 20 18:07:07,09 Jul 20 18:19:14,
431,09 Jul 20 18:20:28,09 Jul 20 18:30:00,
432,09 Jul 20 18:31:09,09 Jul 20 18:41:19,
433,09 Jul 20 18:48:23,09 Jul 20 19:00:30,
434,09 Jul 20 19:02:56,09 Jul 20 19:03:54,
435,09 Jul 20 19:05:05,09 Jul 20 19:06:11,
436,09 Jul 20 19:07:24,09 Jul 20 19:14:38,
437,09 Jul 20 19:15:59,09 Jul 20 19:18:21,
438,09 Jul 20 19:19:40,09 Jul 20 19:22:01,
439,09 Jul 20 19:23:21,09 Jul 20 19:47:21,
440,10 Jul 20 18:13:18,10 Jul 20 18:15:38,
441,10 Jul 20 18:17:08,10 Jul 20 18:19:25,
442,10 Jul 20 18:20:46,10 Jul 20 18:30:05,
443,10 Jul 20 18:31:19,10 Jul 20 18:33:43,
444,10 Jul 20 18:35:19,10 Jul 20 18:38:01,
445,10 Jul 20 18:39:16,10 Jul 20 18:40:19,
446,10 Jul 20 18:41:48,10 Jul 20 18:42:56,
447,10 Jul 20 18:44:43,10 Jul 20 18:47:10,
448,10 Jul 20 18:48:32,10 Jul 20 18:54:44,
449,10 Jul 20 18:56:08,10 Jul 20 19:13:02,
450,10 Jul 20 19:18:45,10 Jul 20 19:32:47,
451,10 Jul 20 19:36:59,10 Jul 20 19:37:57,
452,10 Jul 20 19:39:42,10 Jul 20 19:39:44,
453,10 Jul 20 19:40:41,10 Jul 20 19:43:02,
454,10 Jul 20 19:44:35,10 Jul 20 19:45:29,
455,10 Jul 20 19:47:41,10 Jul 20 19:48:51,
456,10 Jul 20 19:50:03,10 Jul 20 19:56:20,
457,10 Jul 20 19:57:54,10 Jul 20 19:59:07,
458,10 Jul 20 20:00:19,10 Jul 20 20:01:22,
459,10 Jul 20 20:02:35,10 Jul 20 20:16:37,
460,12 Jul 20 16:30:34,12 Jul 20 16:33:00,
461,12 Jul 20 16:34:24,12 Jul 20 16:35:26,
462,12 Jul 20 16:36:42,12 Jul 20 16:57:24,
463,12 Jul 20 17:03:14,12 Jul 20 17:05:37,
464,12 Jul 20 17:07:01,12 Jul 20 17:15:36,
465,12 Jul 20 17:18:54,12 Jul 20 17:21:23,
466,12 Jul 20 17:22:52,12 Jul 20 17:25:29,
467,12 Jul 20 17:26:56,12 Jul 20 17:40:50,
468,12 Jul 20 17:41:59,12 Jul 20 17:50:21,
469,12 Jul 20 17:51:39,12 Jul 20 17:53:55,
470,12 Jul 20 17:55:25,12 Jul 20 17:57:54,
471,12 Jul 20 17:59:15,12 Jul 20 18:01:49,
472,12 Jul 20 18:03:10,12 Jul 20 18:11:14,
473,12 Jul 20 18:13:40,12 Jul 20 18:21:19,
474,12 Jul 20 18:22:41,12 Jul 20 18:28:48,
475,12 Jul 20 18:33:16,12 Jul 20 18:43:09,
476,12 Jul 20 18:45:27,12 Jul 20 18:45:34,
477,12 Jul 20 18:46:49,12 Jul 20 18:49:18,
478,12 Jul 20 18:50:43,12 Jul 20 19:03:35,
479,12 Jul 20 19:05:01,12 Jul 20 19:07:25,
480,12 Jul 20 19:08:47,12 Jul 20 19:09:54,
481,12 Jul 20 19:11:03,12 Jul 20 19:12:02,
482,12 Jul 20 19:13:15,12 Jul 20 19:19:18,
483,12 Jul 20 19:22:38,12 Jul 20 19:25:01,
484,12 Jul 20 19:26:27,12 Jul 20 19:29:46,
485,12 Jul 20 19:32:24,12 Jul 20 19:33:45,
486,12 Jul 20 19:34:59,12 Jul 20 19:37:18,
487,12 Jul 20 19:38:39,12 Jul 20 19:39:41,
488,12 Jul 20 19:40:53,12 Jul 20 19:43:20,
489,12 Jul 20 19:44:42,12 Jul 20 19:55:59,
490,13 Jul 20 17:13:31,13 Jul 20 17:22:45,
491,13 Jul 20 17:24:01,13 Jul 20 17:30:17,
492,13 Jul 20 17:35:03,13 Jul 20 17:36:02,
493,13 Jul 20 17:37:19,13 Jul 20 17:40:07,
494,13 Jul 20 17:42:29,13 Jul 20 17:59:19,
495,13 Jul 20 18:00:34,13 Jul 20 18:09:14,
496,13 Jul 20 18:11:55,13 Jul 20 18:29:01,
497,13 Jul 20 18:32:47,13 Jul 20 18:38:52,
498,13 Jul 20 18:41:16,13 Jul 20 18:43:41,
499,13 Jul 20 18:45:22,13 Jul 20 18:46:26,
500,13 Jul 20 18:47:39,13 Jul 20 19:15:15,00:27:34.87
501,13 Jul 20 19:26:00,13 Jul 20 19:28:17,
502,13 Jul 20 19:29:43,13 Jul 20 19:38:23,
503,13 Jul 20 19:39:47,13 Jul 20 19:42:07,
504,13 Jul 20 19:43:29,13 Jul 20 19:44:27,
505,13 Jul 20 19:45:46,13 Jul 20 19:52:00,
506,13 Jul 20 19:53:21,13 Jul 20 19:59:52,
507,13 Jul 20 20:00:47,13 Jul 20 20:03:08,
508,13 Jul 20 20:04:30,13 Jul 20 20:05:31,
509,13 Jul 20 20:06:45,13 Jul 20 20:09:02,
510,13 Jul 20 20:10:28,13 Jul 20 21:36:57,
511,14 Jul 20 17:30:55,14 Jul 20 17:30:58,
512,14 Jul 20 17:31:55,14 Jul 20 17:32:00,
513,14 Jul 20 17:33:34,14 Jul 20 17:37:01,
514,14 Jul 20 17:39:45,14 Jul 20 17:40:52,
515,14 Jul 20 17:42:06,14 Jul 20 17:43:11,
516,14 Jul 20 17:44:24,14 Jul 20 17:53:56,
517,14 Jul 20 17:55:54,14 Jul 20 17:58:13,
518,14 Jul 20 18:01:16,14 Jul 20 18:03:45,
519,14 Jul 20 18:05:07,14 Jul 20 18:07:25,
520,14 Jul 20 18:08:47,14 Jul 20 18:09:48,
521,14 Jul 20 18:11:02,14 Jul 20 18:12:09,
522,14 Jul 20 18:13:23,14 Jul 20 18:14:20,
523,14 Jul 20 18:16:05,14 Jul 20 18:19:19,
524,14 Jul 20 18:20:36,14 Jul 20 18:34:31,
525,14 Jul 20 18:36:27,14 Jul 20 18:37:36,
526,14 Jul 20 18:38:51,14 Jul 20 18:54:26,
527,14 Jul 20 18:58:05,14 Jul 20 18:59:09,
528,14 Jul 20 19:00:27,14 Jul 20 19:16:34,
529,14 Jul 20 19:19:42,14 Jul 20 19:19:55,
530,14 Jul 20 19:21:09,14 Jul 20 19:23:33,
531,14 Jul 20 19:25:05,14 Jul 20 19:34:24,
532,14 Jul 20 19:35:37,14 Jul 20 19:36:37,
533,14 Jul 20 19:38:17,14 Jul 20 19:39:32,
534,14 Jul 20 19:40:52,14 Jul 20 19:41:54,
535,14 Jul 20 19:43:26,14 Jul 20 19:45:46,
536,14 Jul 20 19:48:00,14 Jul 20 19:49:04,
537,14 Jul 20 19:50:48,14 Jul 20 19:53:14,
538,14 Jul 20 19:54:36,14 Jul 20 19:57:03,
539,14 Jul 20 19:58:23,14 Jul 20 19:59:27,
540,14 Jul 20 20:00:43,14 Jul 20 20:01:42,
541,14 Jul 20 20:02:56,14 Jul 20 20:10:32,
542,15 Jul 20 16:19:04,15 Jul 20 16:31:39,
543,15 Jul 20 16:37:20,15 Jul 20 16:39:43,
544,15 Jul 20 16:41:19,15 Jul 20 16:43:44,
545,15 Jul 20 16:45:11,15 Jul 20 16:47:33,
546,15 Jul 20 16:48:55,15 Jul 20 16:51:28,
547,15 Jul 20 16:52:49,15 Jul 20 16:54:59,
548,15 Jul 20 16:56:18,15 Jul 20 17:07:56,
549,15 Jul 20 17:09:10,15 Jul 20 17:16:53,
550,15 Jul 20 17:18:21,15 Jul 20 17:21:17,
551,15 Jul 20 17:22:39,15 Jul 20 17:38:16,
552,15 Jul 20 17:41:27,15 Jul 20 17:49:05,
553,15 Jul 20 17:51:20,15 Jul 20 17:53:38,
554,15 Jul 20 17:55:19,15 Jul 20 18:26:38,
555,15 Jul 20 18:28:20,15 Jul 20 18:39:45,
556,15 Jul 20 18:44:19,15 Jul 20 18:46:38,
557,15 Jul 20 18:48:02,15 Jul 20 18:55:51,
558,15 Jul 20 18:57:11,15 Jul 20 19:06:27,
559,16 Jul 20 02:36:33,16 Jul 20 02:38:57,
560,16 Jul 20 02:40:41,16 Jul 20 02:58:22,
561,17 Jul 20 16:04:24,17 Jul 20 16:05:26,
562,17 Jul 20 16:06:42,17 Jul 20 16:12:30,
563,17 Jul 20 16:21:07,17 Jul 20 16:41:47,
564,17 Jul 20 16:43:20,17 Jul 20 16:45:42,
565,17 Jul 20 16:47:04,17 Jul 20 16:49:26,
566,17 Jul 20 16:50:47,17 Jul 20 16:51:49,
567,17 Jul 20 16:53:03,17 Jul 20 16:55:24,
568,17 Jul 20 16:56:48,17 Jul 20 17:20:59,
569,17 Jul 20 17:22:48,17 Jul 20 17:26:58,
570,17 Jul 20 17:28:16,17 Jul 20 17:30:36,
571,17 Jul 20 17:32:05,17 Jul 20 17:38:36,
572,17 Jul 20 17:39:57,17 Jul 20 17:42:18,
573,17 Jul 20 17:43:39,17 Jul 20 17:56:17,
574,17 Jul 20 17:57:31,17 Jul 20 17:59:52,
575,17 Jul 20 18:02:06,17 Jul 20 18:16:43,
576,17 Jul 20 18:17:58,17 Jul 20 18:18:55,
577,17 Jul 20 18:20:08,17 Jul 20 18:31:40,
578,17 Jul 20 18:33:55,17 Jul 20 18:39:48,
579,17 Jul 20 18:41:04,17 Jul 20 18:49:56,
580,17 Jul 20 18:51:11,17 Jul 20 18:52:08,
581,17 Jul 20 18:53:23,17 Jul 20 20:06:46,
582,18 Jul 20 23:27:37,18 Jul 20 23:28:52,
583,18 Jul 20 23:30:07,18 Jul 20 23:31:15,
584,18 Jul 20 23:32:28,18 Jul 20 23:33:51,
585,18 Jul 20 23:35:17,18 Jul 20 23:53:34,
586,18 Jul 20 23:59:10,19 Jul 20 00:01:39,
587,19 Jul 20 02:08:16,19 Jul 20 02:12:36,
588,19 Jul 20 02:14:29,19 Jul 20 02:16:54,
589,20 Jul 20 19:18:03,20 Jul 20 19:46:27,00:28:22.53
590,20 Jul 20 19:48:39,20 Jul 20 19:51:22,
591,20 Jul 20 19:52:48,20 Jul 20 20:01:59,
592,21 Jul 20 03:06:59,21 Jul 20 03:09:33,
593,21 Jul 20 03:10:54,21 Jul 20 03:11:55,
594,21 Jul 20 03:13:09,21 Jul 20 03:14:37,
595,21 Jul 20 03:15:43,21 Jul 20 03:33:33,
596,21 Jul 20 03:41:31,21 Jul 20 04:07:54,
597,21 Jul 20 04:12:48,21 Jul 20 04:13:46,
598,21 Jul 20 04:14:59,21 Jul 20 04:16:01,
599,21 Jul 20 04:17:40,21 Jul 20 04:18:36,
600,21 Jul 20 04:19:50,21 Jul 20 04:20:56,
601,21 Jul 20 04:22:36,21 Jul 20 04:25:13,
602,21 Jul 20 04:26:36,21 Jul 20 04:39:59,
603,21 Jul 20 21:01:48,21 Jul 20 21:23:50,
604,23 Jul 20 00:31:07,23 Jul 20 00:45:24,
605,23 Jul 20 00:47:29,23 Jul 20 00:49:48,
606,23 Jul 20 00:51:12,23 Jul 20 01:02:16,
607,24 Jul 20 02:55:24,24 Jul 20 02:56:27,
608,24 Jul 20 02:57:43,24 Jul 20 03:14:35,
609,24 Jul 20 03:16:04,24 Jul 20 03:18:25,
610,24 Jul 20 03:19:50,24 Jul 20 03:20:54,
611,24 Jul 20 03:22:09,24 Jul 20 03:23:09,
612,24 Jul 20 03:24:23,24 Jul 20 03:29:46,
613,24 Jul 20 03:48:28,24 Jul 20 03:50:51,
614,24 Jul 20 03:52:12,24 Jul 20 03:55:08,
615,24 Jul 20 03:56:23,24 Jul 20 04:11:47,
616,24 Jul 20 05:56:49,24 Jul 20 06:05:44,
617,24 Jul 20 06:10:50,24 Jul 20 06:11:57,
618,24 Jul 20 06:13:13,24 Jul 20 06:15:33,
619,24 Jul 20 06:16:56,,
620,24 Jul 20 05:36:38,24 Jul 20 05:37:37,
621,24 Jul 20 05:38:53,24 Jul 20 05:39:15,
622,24 Jul 20 05:40:41,24 Jul 20 05:43:00,
623,24 Jul 20 05:44:23,24 Jul 20 06:05:17,
624,24 Jul 20 06:06:44,24 Jul 20 06:06:47,
625,24 Jul 20 06:47:27,24 Jul 20 06:48:25,
626,24 Jul 20 06:52:04,24 Jul 20 06:53:10,
627,24 Jul 20 07:06:43,24 Jul 20 07:07:50,
628,24 Jul 20 17:17:53,24 Jul 20 17:21:13,
629,24 Jul 20 17:22:19,24 Jul 20 17:24:44,
630,24 Jul 20 17:26:06,24 Jul 20 17:37:40,
631,24 Jul 20 17:39:39,24 Jul 20 17:40:43,
632,24 Jul 20 17:41:56,24 Jul 20 17:44:25,
633,24 Jul 20 18:15:12,24 Jul 20 18:17:37,
634,24 Jul 20 18:20:12,24 Jul 20 18:26:42,
635,24 Jul 20 18:28:30,24 Jul 20 18:30:58,
636,24 Jul 20 18:41:45,24 Jul 20 20:16:37,
637,25 Jul 20 14:56:06,25 Jul 20 15:02:29,
638,25 Jul 20 15:03:57,25 Jul 20 15:11:41,
639,25 Jul 20 15:36:12,25 Jul 20 15:37:19,
640,25 Jul 20 15:38:34,25 Jul 20 15:39:32,
641,25 Jul 20 15:40:51,25 Jul 20 16:05:48,
642,25 Jul 20 16:07:07,25 Jul 20 16:08:07,
643,25 Jul 20 16:09:48,25 Jul 20 16:13:17,
644,25 Jul 20 16:14:51,25 Jul 20 16:26:38,
645,25 Jul 20 16:28:08,25 Jul 20 16:39:38,
646,25 Jul 20 23:08:40,25 Jul 20 23:18:12,
647,25 Jul 20 23:20:14,25 Jul 20 23:22:44,
648,25 Jul 20 23:24:19,25 Jul 20 23:38:30,
649,25 Jul 20 23:39:57,25 Jul 20 23:54:15,
650,26 Jul 20 00:00:52,26 Jul 20 00:03:17,
651,26 Jul 20 00:09:27,26 Jul 20 00:28:27,
652,26 Jul 20 00:30:00,26 Jul 20 00:44:08,
653,26 Jul 20 00:45:22,26 Jul 20 00:47:37,
654,26 Jul 20 00:49:01,26 Jul 20 00:51:28,
655,26 Jul 20 00:52:57,26 Jul 20 00:59:43,
656,26 Jul 20 01:02:11,26 Jul 20 01:02:14,
657,26 Jul 20 01:03:10,26 Jul 20 01:04:12,
658,26 Jul 20 01:05:27,26 Jul 20 01:14:35,
659,26 Jul 20 01:16:22,26 Jul 20 01:18:41,
660,26 Jul 20 01:20:05,26 Jul 20 01:24:13,
661,26 Jul 20 17:23:41,26 Jul 20 20:15:32,
662,26 Jul 20 21:56:01,26 Jul 20 21:57:08,
663,26 Jul 20 21:58:22,26 Jul 20 21:59:21,
664,27 Jul 20 01:38:36,27 Jul 20 01:38:38,
665,27 Jul 20 01:39:46,27 Jul 20 01:42:13,
666,27 Jul 20 01:43:43,27 Jul 20 01:53:15,
667,27 Jul 20 02:02:57,27 Jul 20 02:11:48,
668,27 Jul 20 02:13:16,27 Jul 20 02:15:36,
669,27 Jul 20 02:16:58,27 Jul 20 02:19:39,
670,27 Jul 20 02:20:55,27 Jul 20 02:46:08,
671,27 Jul 20 02:48:45,27 Jul 20 02:49:04,
672,27 Jul 20 02:50:17,27 Jul 20 02:50:45,
673,28 Jul 20 00:29:29,28 Jul 20 00:38:35,
674,28 Jul 20 00:51:55,28 Jul 20 01:00:18,
675,28 Jul 20 01:02:48,28 Jul 20 01:09:12,
676,28 Jul 20 01:14:31,28 Jul 20 01:23:09,
677,28 Jul 20 01:27:44,28 Jul 20 01:29:08,
678,28 Jul 20 01:30:20,28 Jul 20 01:43:59,
679,28 Jul 20 01:45:20,28 Jul 20 01:57:12,
680,28 Jul 20 01:58:37,28 Jul 20 02:00:54,
681,28 Jul 20 02:02:53,28 Jul 20 02:05:11,
682,28 Jul 20 02:07:17,28 Jul 20 02:16:13,
683,28 Jul 20 02:44:24,28 Jul 20 02:45:24,
684,28 Jul 20 02:46:38,28 Jul 20 02:47:39,
685,28 Jul 20 02:48:53,28 Jul 20 02:55:11,
686,28 Jul 20 02:56:37,28 Jul 20 02:57:37,
687,28 Jul 20 02:58:49,28 Jul 20 03:06:38,
688,30 Jul 20 02:53:54,30 Jul 20 02:55:30,
689,30 Jul 20 02:57:24,30 Jul 20 03:03:54,
690,30 Jul 20 03:06:44,30 Jul 20 03:07:43,
691,30 Jul 20 03:08:59,30 Jul 20 03:11:33,
692,30 Jul 20 03:12:47,,
693,30 Jul 20 02:32:22,30 Jul 20 02:34:42,
694,30 Jul 20 02:36:04,30 Jul 20 02:39:55,
695,30 Jul 20 02:41:17,30 Jul 20 02:42:27,
696,30 Jul 20 02:43:44,30 Jul 20 02:46:09,
697,30 Jul 20 02:47:42,30 Jul 20 03:15:26,00:27:42.63
698,30 Jul 20 04:11:24,30 Jul 20 04:11:44,
699,30 Jul 20 04:12:03,30 Jul 20 04:12:15,
700,30 Jul 20 04:12:24,30 Jul 20 04:12:40,
701,30 Jul 20 04:13:05,30 Jul 20 04:13:19,
702,30 Jul 20 04:13:25,30 Jul 20 04:13:39,
703,30 Jul 20 04:14:58,30 Jul 20 04:15:08,
704,30 Jul 20 04:39:51,30 Jul 20 04:56:39,
705,30 Jul 20 04:59:53,30 Jul 20 04:59:54,
706,30 Jul 20 04:59:56,30 Jul 20 05:02:15,
707,30 Jul 20 05:03:43,30 Jul 20 05:06:20,
708,01 Aug 20 23:59:23,02 Aug 20 00:00:29,
709,02 Aug 20 00:01:33,02 Aug 20 00:04:16,
710,02 Aug 20 00:05:40,02 Aug 20 00:08:24,
711,02 Aug 20 00:09:47,02 Aug 20 00:12:05,
712,02 Aug 20 00:13:32,02 Aug 20 00:21:14,
713,02 Aug 20 00:23:18,02 Aug 20 00:25:48,
714,02 Aug 20 00:27:16,02 Aug 20 00:29:40,
715,02 Aug 20 00:31:03,02 Aug 20 00:42:29,
716,02 Aug 20 00:59:52,02 Aug 20 01:00:55,
717,02 Aug 20 01:02:15,02 Aug 20 01:11:08,
718,02 Aug 20 01:12:44,02 Aug 20 01:28:06,
719,02 Aug 20 01:42:14,02 Aug 20 01:44:40,
720,02 Aug 20 01:46:03,02 Aug 20 01:48:31,
721,02 Aug 20 01:49:58,02 Aug 20 01:52:53,
722,02 Aug 20 01:56:23,02 Aug 20 01:58:48,
723,02 Aug 20 02:01:49,02 Aug 20 02:03:57,
724,02 Aug 20 02:07:15,02 Aug 20 02:13:14,
725,03 Aug 20 00:28:25,03 Aug 20 00:29:27,
726,03 Aug 20 00:31:09,03 Aug 20 00:32:17,
727,03 Aug 20 00:33:32,03 Aug 20 00:34:48,
728,03 Aug 20 00:36:08,03 Aug 20 00:37:11,
729,03 Aug 20 00:38:43,03 Aug 20 00:51:18,
730,03 Aug 20 00:57:05,03 Aug 20 00:59:34,
731,03 Aug 20 01:01:00,03 Aug 20 01:08:16,
732,03 Aug 20 01:10:42,03 Aug 20 01:10:45,
733,03 Aug 20 01:13:00,03 Aug 20 01:13:59,
734,03 Aug 20 01:15:47,03 Aug 20 01:23:21,
735,03 Aug 20 01:24:36,03 Aug 20 01:26:53,
736,03 Aug 20 01:28:17,,
737,03 Aug 20 00:35:57,03 Aug 20 00:38:18,
738,03 Aug 20 00:39:43,03 Aug 20 00:47:33,
739,03 Aug 20 00:49:41,03 Aug 20 00:52:27,
740,03 Aug 20 00:54:02,03 Aug 20 00:54:57,
741,03 Aug 20 00:56:14,03 Aug 20 00:57:24,
742,03 Aug 20 00:58:28,03 Aug 20 00:59:31,
743,03 Aug 20 01:00:44,03 Aug 20 01:03:16,
744,03 Aug 20 01:07:11,03 Aug 20 01:16:53,
745,03 Aug 20 01:18:40,03 Aug 20 01:21:05,
746,04 Aug 20 03:39:10,04 Aug 20 03:41:41,
747,04 Aug 20 03:43:07,04 Aug 20 04:06:04,
748,04 Aug 20 04:24:55,04 Aug 20 04:25:44,
749,04 Aug 20 04:27:13,04 Aug 20 04:29:37,
750,04 Aug 20 04:30:57,04 Aug 20 04:33:17,
751,04 Aug 20 04:34:44,04 Aug 20 04:40:29,
752,04 Aug 20 04:41:57,04 Aug 20 04:48:10,
753,05 Aug 20 03:51:44,05 Aug 20 03:54:13,
754,05 Aug 20 03:55:34,05 Aug 20 03:58:01,
755,05 Aug 20 03:59:22,05 Aug 20 04:19:17,
756,05 Aug 20 04:32:56,05 Aug 20 04:35:23,
757,05 Aug 20 04:36:53,05 Aug 20 04:39:16,
758,05 Aug 20 04:42:09,05 Aug 20 04:50:31,
759,05 Aug 20 22:14:11,05 Aug 20 22:15:20,
760,05 Aug 20 22:17:19,05 Aug 20 22:19:53,
761,05 Aug 20 22:21:56,05 Aug 20 22:27:59,
762,05 Aug 20 22:29:18,05 Aug 20 22:30:20,
763,05 Aug 20 22:31:34,05 Aug 20 22:45:47,
764,05 Aug 20 22:47:12,05 Aug 20 22:49:36,
765,05 Aug 20 22:50:58,05 Aug 20 22:57:21,
766,05 Aug 20 22:58:42,05 Aug 20 23:01:14,
767,05 Aug 20 23:03:14,05 Aug 20 23:05:39,
768,05 Aug 20 23:07:05,05 Aug 20 23:20:15,
769,05 Aug 20 23:26:28,05 Aug 20 23:37:41,
770,05 Aug 20 23:38:55,05 Aug 20 23:44:56,
771,07 Aug 20 22:03:51,07 Aug 20 22:04:58,
772,07 Aug 20 22:06:15,07 Aug 20 22:08:43,
773,07 Aug 20 22:10:14,07 Aug 20 22:26:33,
774,07 Aug 20 22:39:22,07 Aug 20 22:40:29,
775,07 Aug 20 22:42:43,07 Aug 20 22:45:04,
776,07 Aug 20 22:46:28,07 Aug 20 22:47:38,
777,07 Aug 20 22:48:48,07 Aug 20 23:04:13,
778,07 Aug 20 23:05:49,07 Aug 20 23:06:53,
779,07 Aug 20 23:08:09,07 Aug 20 23:16:53,
780,07 Aug 20 23:18:16,07 Aug 20 23:19:16,
781,07 Aug 20 23:21:52,07 Aug 20 23:24:21,
782,07 Aug 20 23:25:44,07 Aug 20 23:26:51,
783,07 Aug 20 23:28:03,07 Aug 20 23:30:23,
784,07 Aug 20 23:31:45,07 Aug 20 23:32:17,
785,07 Aug 20 23:35:24,07 Aug 20 23:36:25,
786,07 Aug 20 23:37:39,07 Aug 20 23:40:09,
787,07 Aug 20 23:41:32,07 Aug 20 23:41:35,
788,07 Aug 20 23:42:32,08 Aug 20 00:02:12,
789,08 Aug 20 00:04:17,08 Aug 20 00:19:20,
790,08 Aug 20 00:24:32,08 Aug 20 00:36:09,
791,08 Aug 20 05:19:47,08 Aug 20 05:22:08,
792,08 Aug 20 05:23:33,08 Aug 20 05:33:00,
793,08 Aug 20 05:34:16,08 Aug 20 05:49:20,
794,08 Aug 20 06:08:12,08 Aug 20 06:14:04,
795,08 Aug 20 06:17:04,08 Aug 20 06:25:52,
796,08 Aug 20 06:30:51,08 Aug 20 06:38:36,
797,08 Aug 20 06:40:05,08 Aug 20 06:42:28,
798,08 Aug 20 06:43:52,08 Aug 20 06:57:58,
799,08 Aug 20 07:00:42,08 Aug 20 07:03:02,
800,08 Aug 20 07:04:33,08 Aug 20 07:19:52,
801,08 Aug 20 07:22:19,08 Aug 20 07:23:14,
802,08 Aug 20 07:24:27,08 Aug 20 07:31:29,
803,08 Aug 20 07:32:50,08 Aug 20 07:35:10,
804,08 Aug 20 07:36:40,08 Aug 20 07:39:07,
805,08 Aug 20 07:41:28,08 Aug 20 08:00:38,
806,09 Aug 20 19:02:26,09 Aug 20 19:12:38,
807,09 Aug 20 19:14:16,09 Aug 20 19:15:15,
808,09 Aug 20 19:16:33,09 Aug 20 19:19:08,
809,09 Aug 20 19:20:32,09 Aug 20 19:33:11,
810,09 Aug 20 19:34:30,09 Aug 20 19:45:43,
811,09 Aug 20 19:48:56,09 Aug 20 19:52:05,
812,09 Aug 20 19:53:33,09 Aug 20 19:55:58,
813,09 Aug 20 19:57:21,09 Aug 20 20:04:26,
814,09 Aug 20 20:05:38,09 Aug 20 20:22:29,
815,09 Aug 20 20:25:11,09 Aug 20 20:32:47,
816,09 Aug 20 20:35:08,09 Aug 20 20:36:08,
817,09 Aug 20 20:37:22,09 Aug 20 20:38:23,
818,09 Aug 20 20:40:04,09 Aug 20 20:46:20,
819,09 Aug 20 20:47:34,09 Aug 20 20:49:57,
820,09 Aug 20 20:51:42,09 Aug 20 20:54:07,
821,09 Aug 20 20:55:26,09 Aug 20 20:56:21,
822,09 Aug 20 20:57:41,09 Aug 20 21:05:15,
823,10 Aug 20 17:25:47,10 Aug 20 17:33:17,
824,10 Aug 20 17:34:40,10 Aug 20 17:44:43,
825,10 Aug 20 17:45:59,10 Aug 20 17:54:42,
826,10 Aug 20 17:56:12,10 Aug 20 18:03:30,
827,10 Aug 20 18:04:44,10 Aug 20 18:07:03,
828,10 Aug 20 18:08:31,10 Aug 20 18:10:49,
829,10 Aug 20 18:12:26,10 Aug 20 18:21:04,
830,10 Aug 20 18:24:41,10 Aug 20 18:25:46,
831,10 Aug 20 18:27:00,10 Aug 20 18:35:46,
832,10 Aug 20 18:59:06,10 Aug 20 19:09:12,
833,10 Aug 20 19:10:44,10 Aug 20 19:13:03,
834,10 Aug 20 19:14:33,10 Aug 20 19:16:52,
835,10 Aug 20 19:18:12,10 Aug 20 19:20:36,
836,10 Aug 20 19:21:56,10 Aug 20 19:21:59,
837,10 Aug 20 19:23:04,10 Aug 20 19:34:56,
838,10 Aug 20 19:41:32,10 Aug 20 20:03:48,
839,10 Aug 20 20:05:10,10 Aug 20 20:07:32,
840,10 Aug 20 20:09:15,10 Aug 20 20:52:45,
841,12 Aug 20 16:16:30,12 Aug 20 16:16:32,
842,12 Aug 20 16:17:29,12 Aug 20 16:19:57,
843,12 Aug 20 16:21:24,12 Aug 20 16:23:45,
844,12 Aug 20 16:25:17,12 Aug 20 16:51:02,
845,12 Aug 20 16:52:34,12 Aug 20 16:53:38,
846,12 Aug 20 16:55:21,12 Aug 20 16:57:49,
847,12 Aug 20 16:59:04,12 Aug 20 17:07:59,
848,12 Aug 20 17:09:20,12 Aug 20 17:16:52,
849,12 Aug 20 17:18:14,12 Aug 20 17:20:40,
850,12 Aug 20 17:22:07,12 Aug 20 17:23:02,
851,12 Aug 20 17:26:18,12 Aug 20 17:28:42,
852,12 Aug 20 17:30:06,12 Aug 20 17:41:26,
853,12 Aug 20 17:43:02,12 Aug 20 17:43:13,
854,12 Aug 20 17:43:18,12 Aug 20 17:43:20,
855,12 Aug 20 17:43:42,12 Aug 20 17:44:43,
856,12 Aug 20 17:45:57,12 Aug 20 17:47:06,
857,12 Aug 20 17:48:22,12 Aug 20 17:50:42,
858,12 Aug 20 17:52:08,12 Aug 20 18:00:03,
859,12 Aug 20 18:02:47,12 Aug 20 18:14:15,
860,12 Aug 20 18:18:00,12 Aug 20 21:27:56,
861,14 Aug 20 04:31:40,14 Aug 20 04:43:54,
862,14 Aug 20 04:45:19,14 Aug 20 04:47:40,
863,14 Aug 20 04:49:02,14 Aug 20 04:51:29,
864,14 Aug 20 04:52:51,14 Aug 20 04:59:35,
865,14 Aug 20 05:03:37,14 Aug 20 05:23:49,
866,14 Aug 20 06:38:38,14 Aug 20 06:38:43,
867,15 Aug 20 00:46:10,15 Aug 20 00:50:14,
868,15 Aug 20 00:51:28,15 Aug 20 00:57:48,
869,15 Aug 20 01:00:15,15 Aug 20 01:07:42,
870,15 Aug 20 01:09:02,15 Aug 20 01:15:37,
871,15 Aug 20 01:17:32,15 Aug 20 01:20:19,
872,15 Aug 20 01:21:38,15 Aug 20 01:34:19,
873,15 Aug 20 01:35:48,15 Aug 20 01:38:11,
874,15 Aug 20 01:39:33,15 Aug 20 01:41:57,
875,15 Aug 20 01:43:19,15 Aug 20 01:44:17,
876,15 Aug 20 01:45:30,15 Aug 20 01:46:33,
877,15 Aug 20 01:47:46,15 Aug 20 01:56:21,
878,15 Aug 20 01:57:47,15 Aug 20 02:00:06,
879,15 Aug 20 02:01:29,15 Aug 20 02:04:10,
880,15 Aug 20 02:07:36,15 Aug 20 02:13:46,
881,15 Aug 20 02:15:09,15 Aug 20 02:33:59,
882,15 Aug 20 02:35:08,15 Aug 20 02:37:30,
883,15 Aug 20 02:38:53,15 Aug 20 02:39:48,
884,15 Aug 20 02:42:00,15 Aug 20 03:04:27,
885,15 Aug 20 17:17:11,15 Aug 20 17:25:40,
886,15 Aug 20 17:27:17,15 Aug 20 17:30:03,
887,15 Aug 20 17:31:24,15 Aug 20 17:35:34,
888,15 Aug 20 17:36:47,15 Aug 20 17:39:08,
889,15 Aug 20 17:40:33,15 Aug 20 18:06:03,
890,15 Aug 20 18:08:44,15 Aug 20 18:11:09,
891,15 Aug 20 18:12:33,15 Aug 20 18:26:22,
892,15 Aug 20 18:31:27,15 Aug 20 18:39:54,
893,15 Aug 20 18:41:09,15 Aug 20 18:43:30,
894,15 Aug 20 18:45:34,15 Aug 20 18:48:15,
895,15 Aug 20 18:49:36,15 Aug 20 19:10:22,
896,17 Aug 20 16:36:32,17 Aug 20 16:37:56,
897,17 Aug 20 16:39:22,17 Aug 20 16:46:59,
898,17 Aug 20 16:48:13,17 Aug 20 16:49:12,
899,17 Aug 20 16:50:30,17 Aug 20 16:53:00,
900,17 Aug 20 16:54:23,17 Aug 20 17:01:09,
901,17 Aug 20 17:02:24,17 Aug 20 17:04:43,
902,17 Aug 20 17:06:05,17 Aug 20 17:22:14,
903,17 Aug 20 17:23:30,17 Aug 20 17:24:31,
904,17 Aug 20 17:26:11,17 Aug 20 17:41:49,
905,17 Aug 20 17:44:41,17 Aug 20 17:47:06,
906,17 Aug 20 17:48:35,17 Aug 20 18:10:10,
907,17 Aug 20 18:27:51,17 Aug 20 18:32:13,
908,17 Aug 20 18:32:55,17 Aug 20 18:35:21,
909,17 Aug 20 18:36:44,17 Aug 20 18:37:43,
910,17 Aug 20 18:39:23,17 Aug 20 18:54:45,
911,17 Aug 20 18:56:07,17 Aug 20 19:05:21,
912,17 Aug 20 19:08:32,17 Aug 20 19:09:33,
913,17 Aug 20 19:10:47,17 Aug 20 19:11:49,
914,17 Aug 20 19:13:02,17 Aug 20 19:16:16,
915,17 Aug 20 19:19:39,17 Aug 20 19:34:06,
916,20 Aug 20 17:44:53,20 Aug 20 17:46:17,
917,20 Aug 20 17:47:36,20 Aug 20 18:03:30,
918,20 Aug 20 18:04:55,20 Aug 20 18:07:14,
919,20 Aug 20 18:08:43,20 Aug 20 18:09:55,
920,20 Aug 20 18:11:08,20 Aug 20 18:17:22,
921,20 Aug 20 18:18:41,20 Aug 20 18:27:25,
922,20 Aug 20 18:28:46,20 Aug 20 18:29:45,
923,20 Aug 20 18:30:59,20 Aug 20 18:33:34,
924,20 Aug 20 18:34:48,20 Aug 20 18:41:40,
925,20 Aug 20 18:42:53,20 Aug 20 18:51:58,
926,20 Aug 20 18:53:12,20 Aug 20 18:57:13,
927,20 Aug 20 18:58:02,20 Aug 20 19:00:43,
928,20 Aug 20 19:02:10,20 Aug 20 19:08:20,
929,20 Aug 20 19:09:42,20 Aug 20 19:28:06,
930,20 Aug 20 19:29:25,20 Aug 20 19:38:07,
931,26 Aug 20 22:06:01,26 Aug 20 22:16:26,
932,26 Aug 20 22:17:33,26 Aug 20 22:39:43,
933,26 Aug 20 22:43:37,26 Aug 20 22:47:39,
934,26 Aug 20 22:48:39,26 Aug 20 22:55:09,
935,26 Aug 20 22:57:10,26 Aug 20 22:59:34,
936,26 Aug 20 23:01:00,26 Aug 20 23:07:45,
937,26 Aug 20 23:09:53,26 Aug 20 23:25:09,
938,26 Aug 20 23:26:33,26 Aug 20 23:26:39,
939,26 Aug 20 23:27:53,26 Aug 20 23:38:25,
940,26 Aug 20 23:39:57,26 Aug 20 23:41:04,
941,26 Aug 20 23:42:33,26 Aug 20 23:43:39,
942,26 Aug 20 23:44:52,26 Aug 20 23:52:36,
943,26 Aug 20 23:53:57,26 Aug 20 23:55:26,
944,26 Aug 20 23:56:38,26 Aug 20 23:57:55,
945,26 Aug 20 23:58:57,27 Aug 20 00:19:14,
946,28 Aug 20 18:17:06,28 Aug 20 18:48:30,00:31:22.69
947,28 Aug 20 18:50:41,28 Aug 20 19:22:04,00:31:21.63
948,28 Aug 20 19:24:02,28 Aug 20 19:53:38,00:29:34.01
949,28 Aug 20 19:55:38,28 Aug 20 20:28:07,00:32:28.08
950,28 Aug 20 20:30:16,28 Aug 20 20:45:14,
951,30 Aug 20 18:16:14,30 Aug 20 18:45:38,00:29:22.98
952,30 Aug 20 18:47:29,30 Aug 20 19:17:01,00:29:31.00
953,30 Aug 20 19:21:15,30 Aug 20 20:00:36,00:39:19.89
954,30 Aug 20 20:02:54,30 Aug 20 20:33:11,00:30:15.80
955,30 Aug 20 20:35:02,30 Aug 20 21:03:52,00:28:47.84
956,08 Sep 20 04:49:56,08 Sep 20 05:25:35,00:35:37.08
957,08 Sep 20 05:30:25,08 Sep 20 06:00:13,00:29:45.95
958,08 Sep 20 06:16:03,08 Sep 20 06:41:55,
959,08 Sep 20 18:16:48,08 Sep 20 18:47:16,00:30:25.73
960,08 Sep 20 18:58:58,08 Sep 20 19:00:07,
961,08 Sep 20 19:01:19,08 Sep 20 19:07:23,
962,08 Sep 20 19:08:44,08 Sep 20 19:09:43,
963,08 Sep 20 19:10:55,08 Sep 20 19:13:17,
964,08 Sep 20 19:14:55,08 Sep 20 19:26:23,
965,08 Sep 20 19:28:29,08 Sep 20 19:32:03,
966,08 Sep 20 19:33:19,08 Sep 20 20:32:47,
967,10 Oct 20 17:15:24,10 Oct 20 17:18:46,
968,10 Oct 20 17:20:01,10 Oct 20 17:28:59,
969,10 Oct 20 17:33:40,10 Oct 20 17:35:58,
970,10 Oct 20 17:37:19,10 Oct 20 17:43:55,
971,10 Oct 20 17:46:00,10 Oct 20 17:47:23,
972,10 Oct 20 17:48:39,10 Oct 20 17:51:03,
973,10 Oct 20 17:52:18,10 Oct 20 17:54:40,
974,10 Oct 20 17:56:06,10 Oct 20 17:58:40,
975,10 Oct 20 18:00:39,10 Oct 20 18:25:29,
976,10 Oct 20 18:26:55,10 Oct 20 18:34:45,
977,10 Oct 20 18:36:02,10 Oct 20 18:37:01,
978,10 Oct 20 18:38:13,10 Oct 20 18:38:15,
979,10 Oct 20 18:38:20,10 Oct 20 18:46:13,
980,10 Oct 20 18:49:22,10 Oct 20 18:51:56,
981,10 Oct 20 18:53:18,10 Oct 20 19:01:58,
982,11 Oct 20 16:57:15,11 Oct 20 16:58:57,
983,16 Oct 20 17:55:24,16 Oct 20 18:32:48,00:37:22.82
984,16 Oct 20 18:34:26,16 Oct 20 19:07:28,00:33:00.57
985,16 Oct 20 19:09:25,16 Oct 20 19:37:48,00:28:21.70
986,16 Oct 20 19:42:16,16 Oct 20 20:11:12,00:28:54.42
987,16 Oct 20 20:13:16,16 Oct 20 20:41:33,00:28:15.41
988,19 Oct 20 14:56:32,19 Oct 20 15:24:46,00:28:07.23
989,19 Oct 20 15:38:26,19 Oct 20 16:08:50,00:30:23.19
990,19 Oct 20 16:49:28,19 Oct 20 17:19:55,00:30:25.58
991,19 Oct 20 17:52:06,19 Oct 20 18:21:31,00:29:23.02
992,19 Oct 20 18:34:10,19 Oct 20 19:03:39,00:29:27.85
993,20 Oct 20 17:53:45,20 Oct 20 18:23:35,00:29:48.02
994,20 Oct 20 18:25:31,20 Oct 20 18:55:28,00:29:55.51
995,20 Oct 20 18:57:10,20 Oct 20 19:25:23,00:28:11.60
996,20 Oct 20 19:27:51,20 Oct 20 19:56:10,00:28:17.59
997,21 Oct 20 18:47:32,21 Oct 20 19:05:24,
998,22 Oct 20 09:46:54,22 Oct 20 10:02:10,
999,22 Oct 20 10:15:49,22 Oct 20 10:24:34,
1000,22 Oct 20 10:25:58,22 Oct 20 10:26:58,
1001,22 Oct 20 10:28:12,22 Oct 20 10:43:36,
1002,22 Oct 20 10:53:44,22 Oct 20 10:56:05,
1003,22 Oct 20 10:57:28,22 Oct 20 11:12:21,
1004,22 Oct 20 11:13:36,22 Oct 20 11:14:48,
1005,22 Oct 20 11:16:01,22 Oct 20 11:34:09,
1006,22 Oct 20 11:35:28,22 Oct 20 11:47:37,
1007,22 Oct 20 17:05:32,22 Oct 20 17:36:12,00:30:37.66
1008,22 Oct 20 18:03:51,22 Oct 20 19:32:51,
1009,22 Oct 20 19:34:00,22 Oct 20 20:03:04,00:29:02.73
1010,26 Oct 20 23:22:42,26 Oct 20 23:31:32,
1011,26 Oct 20 23:33:04,26 Oct 20 23:44:23,
1012,26 Oct 20 23:50:12,27 Oct 20 00:06:08,
1013,27 Oct 20 00:07:25,27 Oct 20 00:08:26,
1014,27 Oct 20 00:09:43,27 Oct 20 00:18:59,
1015,27 Oct 20 00:20:10,27 Oct 20 00:36:18,
1016,27 Oct 20 00:50:13,27 Oct 20 00:52:47,
1017,27 Oct 20 00:54:02,27 Oct 20 01:00:10,
1018,27 Oct 20 01:01:26,27 Oct 20 01:02:26,
1019,27 Oct 20 01:04:06,27 Oct 20 01:05:11,
1020,27 Oct 20 01:06:50,27 Oct 20 01:10:10,
1021,27 Oct 20 01:11:26,27 Oct 20 01:13:57,
1022,27 Oct 20 01:15:11,27 Oct 20 01:33:05,
1023,27 Oct 20 01:34:23,27 Oct 20 01:37:47,
1024,27 Oct 20 01:39:02,27 Oct 20 01:54:53,
1025,27 Oct 20 01:56:07,27 Oct 20 01:58:35,
1026,27 Oct 20 01:59:57,27 Oct 20 02:11:25,
1027,27 Oct 20 02:12:42,27 Oct 20 02:21:51,
1028,27 Oct 20 02:23:06,27 Oct 20 02:41:24,
1029,29 Oct 20 12:52:27,29 Oct 20 12:52:37,
1030,29 Oct 20 18:01:58,29 Oct 20 18:31:52,00:29:52.04
1031,30 Oct 20 00:18:32,30 Oct 20 00:19:39,
1032,30 Oct 20 00:20:52,30 Oct 20 00:29:39,
1033,31 Oct 20 13:39:43,31 Oct 20 13:49:37,
1034,31 Oct 20 13:50:53,31 Oct 20 14:02:19,
1035,31 Oct 20 14:03:35,31 Oct 20 14:28:15,
1036,31 Oct 20 14:29:27,31 Oct 20 14:32:02,
1037,31 Oct 20 14:33:20,31 Oct 20 14:36:16,
1038,31 Oct 20 14:37:32,31 Oct 20 14:41:03,
1039,31 Oct 20 14:42:19,31 Oct 20 14:43:22,
1040,31 Oct 20 14:44:35,31 Oct 20 14:46:05,
1041,31 Oct 20 14:47:19,31 Oct 20 14:49:58,
1042,31 Oct 20 14:51:47,31 Oct 20 15:01:09,
1043,31 Oct 20 15:03:05,31 Oct 20 15:12:28,
1044,31 Oct 20 15:16:37,31 Oct 20 15:35:35,
1045,31 Oct 20 15:41:23,31 Oct 20 16:01:20,
1046,31 Oct 20 16:02:40,31 Oct 20 16:14:20,
1047,31 Oct 20 16:15:37,31 Oct 20 16:42:25,
1048,31 Oct 20 16:43:29,31 Oct 20 16:52:08,
1049,31 Oct 20 16:53:57,31 Oct 20 16:57:01,
1050,31 Oct 20 16:58:09,31 Oct 20 17:01:31,
1051,31 Oct 20 17:02:47,31 Oct 20 17:09:27,
1052,31 Oct 20 17:10:43,31 Oct 20 17:26:13,
1053,02 Nov 20 00:29:49,02 Nov 20 00:34:17,
1054,02 Nov 20 00:36:12,02 Nov 20 00:54:27,
1055,02 Nov 20 01:02:02,02 Nov 20 01:11:30,
1056,02 Nov 20 19:02:28,02 Nov 20 19:12:01,
1057,02 Nov 20 19:13:15,02 Nov 20 19:18:07,
1058,02 Nov 20 19:19:22,02 Nov 20 19:22:08,
1059,02 Nov 20 19:23:32,02 Nov 20 19:40:55,
1060,02 Nov 20 19:42:18,02 Nov 20 19:43:26,
1061,02 Nov 20 19:44:41,02 Nov 20 20:11:51,00:27:08.49
1062,02 Nov 20 20:22:55,02 Nov 20 20:30:17,
1063,02 Nov 20 20:31:27,02 Nov 20 20:32:32,
1064,02 Nov 20 20:33:45,02 Nov 20 20:36:02,
1065,02 Nov 20 20:37:17,02 Nov 20 20:43:54,
1066,02 Nov 20 20:45:09,02 Nov 20 20:46:09,
1067,02 Nov 20 20:47:24,02 Nov 20 21:01:14,
1068,02 Nov 20 22:02:28,02 Nov 20 22:30:35,00:28:05.73
1069,04 Nov 20 15:48:57,04 Nov 20 16:18:56,00:29:58.04
1070,04 Nov 20 16:32:56,04 Nov 20 17:01:16,00:28:18.61
1071,05 Nov 20 17:19:47,05 Nov 20 17:20:51,
1072,05 Nov 20 17:22:11,05 Nov 20 17:22:13,
1073,05 Nov 20 17:23:10,05 Nov 20 17:38:35,
1074,05 Nov 20 17:40:29,05 Nov 20 17:41:32,
1075,05 Nov 20 17:43:11,05 Nov 20 18:00:08,
1076,05 Nov 20 18:11:25,05 Nov 20 18:13:58,
1077,05 Nov 20 18:15:21,05 Nov 20 18:21:29,
1078,05 Nov 20 18:22:52,05 Nov 20 18:31:35,
1079,05 Nov 20 18:36:15,05 Nov 20 18:46:55,
1080,05 Nov 20 18:48:09,05 Nov 20 18:50:45,
1081,05 Nov 20 18:52:21,05 Nov 20 18:58:32,
1082,06 Nov 20 21:29:02,06 Nov 20 21:58:25,00:29:21.47
1083,06 Nov 20 22:01:54,06 Nov 20 22:26:22,
1084,06 Nov 20 22:48:57,06 Nov 20 23:21:27,00:32:29.17
1085,06 Nov 20 23:41:33,06 Nov 20 23:44:12,
1086,06 Nov 20 23:45:36,06 Nov 20 23:54:51,
1087,06 Nov 20 23:56:45,07 Nov 20 00:06:07,
1088,07 Nov 20 00:06:43,07 Nov 20 00:06:48,
1089,07 Nov 20 00:07:22,07 Nov 20 00:11:38,
1090,07 Nov 20 00:13:01,07 Nov 20 00:15:46,
1091,07 Nov 20 00:17:02,07 Nov 20 00:28:37,
1092,07 Nov 20 00:29:53,07 Nov 20 00:30:52,
1093,07 Nov 20 00:32:12,07 Nov 20 00:52:25,
1094,08 Nov 20 21:02:32,08 Nov 20 21:05:34,
1095,08 Nov 20 21:06:51,08 Nov 20 21:18:29,
1096,08 Nov 20 21:21:34,08 Nov 20 21:24:04,
1097,08 Nov 20 21:25:26,08 Nov 20 21:34:07,
1098,08 Nov 20 21:36:15,08 Nov 20 21:43:02,
1099,08 Nov 20 21:44:18,08 Nov 20 21:50:38,
1100,08 Nov 20 21:51:52,08 Nov 20 22:07:08,
1101,08 Nov 20 22:12:57,08 Nov 20 22:15:46,
1102,08 Nov 20 22:17:02,08 Nov 20 22:38:16,
1103,08 Nov 20 22:39:39,08 Nov 20 22:42:12,
1104,08 Nov 20 22:43:35,08 Nov 20 23:00:11,
1105,08 Nov 20 23:02:27,08 Nov 20 23:05:04,
1106,08 Nov 20 23:06:20,08 Nov 20 23:08:52,
1107,08 Nov 20 23:12:38,08 Nov 20 23:33:02,
1108,08 Nov 20 23:34:19,09 Nov 20 00:01:36,00:27:15.38
1109,09 Nov 20 00:05:05,09 Nov 20 00:06:04,
1110,09 Nov 20 00:07:52,09 Nov 20 00:08:52,
1111,09 Nov 20 00:10:05,09 Nov 20 00:25:57,
1112,10 Nov 20 14:35:41,10 Nov 20 14:36:55,
1113,10 Nov 20 14:38:09,10 Nov 20 14:40:43,
1114,10 Nov 20 14:42:05,10 Nov 20 14:50:49,
1115,10 Nov 20 14:52:07,10 Nov 20 15:01:11,
1116,10 Nov 20 15:02:27,10 Nov 20 15:05:06,
1117,10 Nov 20 15:06:28,10 Nov 20 15:12:51,
1118,10 Nov 20 15:14:19,10 Nov 20 15:32:16,
1119,10 Nov 20 15:37:02,10 Nov 20 15:52:15,
1120,10 Nov 20 15:54:12,10 Nov 20 16:03:30,
1121,10 Nov 20 16:04:49,10 Nov 20 16:20:27,
1122,10 Nov 20 16:23:04,10 Nov 20 16:48:30,
1123,10 Nov 20 16:49:55,10 Nov 20 17:04:33,
1124,10 Nov 20 17:05:48,10 Nov 20 17:12:07,
1125,10 Nov 20 17:13:29,10 Nov 20 17:14:31,
1126,10 Nov 20 17:15:49,10 Nov 20 17:18:24,
1127,10 Nov 20 17:19:44,10 Nov 20 17:29:48,
1128,11 Nov 20 23:10:53,11 Nov 20 23:20:04,
1129,11 Nov 20 23:21:16,11 Nov 20 23:22:35,
1130,11 Nov 20 23:37:38,11 Nov 20 23:49:43,
1131,12 Nov 20 01:03:10,12 Nov 20 01:05:41,
1132,12 Nov 20 01:07:23,12 Nov 20 01:17:38,
1133,12 Nov 20 01:25:02,12 Nov 20 01:35:05,
1134,12 Nov 20 17:17:03,12 Nov 20 17:33:40,
1135,12 Nov 20 17:34:57,12 Nov 20 17:43:24,
1136,12 Nov 20 17:46:02,12 Nov 20 17:48:27,
1137,12 Nov 20 17:49:48,12 Nov 20 17:50:50,
1138,12 Nov 20 17:52:06,12 Nov 20 17:54:36,
1139,12 Nov 20 17:56:01,12 Nov 20 18:09:54,
1140,12 Nov 20 18:13:28,12 Nov 20 18:22:15,
1141,12 Nov 20 18:23:32,12 Nov 20 18:43:12,
1142,12 Nov 20 18:54:42,12 Nov 20 18:55:41,
1143,12 Nov 20 18:56:55,12 Nov 20 19:16:11,
1144,12 Nov 20 19:17:29,12 Nov 20 19:26:27,
1145,12 Nov 20 19:27:49,12 Nov 20 19:36:38,
1146,12 Nov 20 19:37:56,12 Nov 20 19:54:54,
1147,12 Nov 20 19:56:13,12 Nov 20 19:57:10,
1148,12 Nov 20 19:58:24,12 Nov 20 20:05:14,
1149,12 Nov 20 20:06:31,12 Nov 20 20:29:55,
1150,12 Nov 20 20:31:30,12 Nov 20 20:32:28,
1151,12 Nov 20 20:33:41,12 Nov 20 20:42:43,
1152,12 Nov 20 20:44:03,12 Nov 20 20:45:00,
1153,12 Nov 20 20:46:12,12 Nov 20 20:47:08,
1154,12 Nov 20 20:48:23,12 Nov 20 20:54:34,
1155,12 Nov 20 20:55:49,12 Nov 20 21:02:43,
1156,12 Nov 20 21:27:46,12 Nov 20 21:28:05,
1157,13 Nov 20 00:39:59,13 Nov 20 00:59:49,
1158,13 Nov 20 01:01:09,13 Nov 20 01:03:23,
1159,13 Nov 20 01:05:48,13 Nov 20 01:06:49,
1160,13 Nov 20 01:08:02,13 Nov 20 01:17:00,
1161,13 Nov 20 13:40:08,13 Nov 20 13:56:41,
1162,13 Nov 20 13:57:58,13 Nov 20 14:00:38,
1163,13 Nov 20 14:01:58,13 Nov 20 14:04:31,
1164,13 Nov 20 14:05:50,13 Nov 20 14:17:01,
1165,13 Nov 20 14:18:16,13 Nov 20 14:34:34,
1166,13 Nov 20 14:34:43,13 Nov 20 14:34:44,
1167,13 Nov 20 14:35:19,13 Nov 20 14:35:23,
1168,13 Nov 20 14:40:34,13 Nov 20 14:42:55,
1169,13 Nov 20 14:44:19,13 Nov 20 15:01:02,
1170,13 Nov 20 15:02:31,13 Nov 20 15:03:31,
1171,13 Nov 20 15:04:46,13 Nov 20 15:11:29,
1172,13 Nov 20 15:12:44,13 Nov 20 15:15:18,
1173,13 Nov 20 15:16:43,13 Nov 20 15:25:43,
1174,13 Nov 20 15:27:01,13 Nov 20 15:35:28,
1175,13 Nov 20 15:38:28,13 Nov 20 15:47:26,
1176,13 Nov 20 15:48:44,13 Nov 20 16:12:02,
1177,12 Apr 21 15:17:31,12 Apr 21 15:19:52,
1178,12 Apr 21 15:21:31,12 Apr 21 15:44:03,
1179,12 Apr 21 15:45:28,12 Apr 21 15:45:57,
1180,12 Apr 21 15:48:14,12 Apr 21 15:50:31,
1181,12 Apr 21 15:52:00,12 Apr 21 15:58:26,
1182,12 Apr 21 15:59:34,12 Apr 21 16:01:50,
1183,12 Apr 21 16:03:23,12 Apr 21 16:04:28,
1184,12 Apr 21 16:05:46,12 Apr 21 16:14:33,
1185,12 Apr 21 16:15:51,12 Apr 21 16:17:42,
1186,12 Apr 21 16:18:58,12 Apr 21 16:19:01,
1187,12 Apr 21 16:19:57,12 Apr 21 16:50:47,
1188,12 Apr 21 16:53:13,12 Apr 21 17:03:20,
1189,12 Apr 21 17:04:29,12 Apr 21 17:05:28,
1190,12 Apr 21 17:06:45,12 Apr 21 17:09:12,
1191,12 Apr 21 17:10:36,12 Apr 21 17:19:03,
1192,12 Apr 21 17:20:28,12 Apr 21 17:30:05,
1193,12 Apr 21 17:31:20,12 Apr 21 17:38:28,
1194,12 Apr 21 17:40:03,12 Apr 21 17:48:49,
1195,12 Apr 21 17:50:05,12 Apr 21 18:02:25,
1196,12 Apr 21 18:03:44,12 Apr 21 18:04:41,
1197,12 Apr 21 18:05:53,12 Apr 21 18:45:17,
1198,13 Apr 21 20:21:41,13 Apr 21 20:24:01,
1199,13 Apr 21 20:25:21,13 Apr 21 20:27:42,
1200,14 Apr 21 15:31:14,14 Apr 21 15:37:24,
1201,14 Apr 21 15:38:45,14 Apr 21 16:16:56,
1202,14 Apr 21 16:16:58,14 Apr 21 16:17:01,
1203,14 Apr 21 18:09:28,14 Apr 21 18:17:04,
1204,16 Apr 21 15:06:00,16 Apr 21 15:06:57,
1205,16 Apr 21 15:08:14,16 Apr 21 15:09:21,
1206,16 Apr 21 15:10:32,16 Apr 21 15:12:53,
1207,16 Apr 21 15:14:14,16 Apr 21 15:24:33,
1208,16 Apr 21 15:25:48,16 Apr 21 15:28:08,
1209,16 Apr 21 15:29:33,16 Apr 21 15:35:53,
1210,16 Apr 21 15:37:09,16 Apr 21 15:46:21,
1211,16 Apr 21 15:48:32,16 Apr 21 16:05:32,
1212,16 Apr 21 16:07:27,16 Apr 21 16:08:26,
1213,16 Apr 21 16:09:42,16 Apr 21 16:12:00,
1214,16 Apr 21 16:13:26,16 Apr 21 16:23:18,
1215,16 Apr 21 16:24:34,16 Apr 21 16:27:00,
1216,16 Apr 21 16:28:25,16 Apr 21 16:28:28,
1217,16 Apr 21 16:29:24,16 Apr 21 16:30:19,
1218,16 Apr 21 16:31:33,16 Apr 21 16:33:50,
1219,16 Apr 21 16:35:11,16 Apr 21 16:37:41,
1220,16 Apr 21 16:39:03,16 Apr 21 16:55:21,
1221,16 Apr 21 16:56:19,16 Apr 21 17:14:57,
1222,16 Apr 21 17:16:23,16 Apr 21 17:18:42,
1223,16 Apr 21 17:20:05,16 Apr 21 17:26:08,
1224,16 Apr 21 17:27:26,16 Apr 21 17:36:08,
1225,16 Apr 21 17:37:25,16 Apr 21 17:45:39,
1226,17 Apr 21 15:36:58,17 Apr 21 16:05:51,
1227,17 Apr 21 16:05:53,17 Apr 21 16:05:56,
1228,17 Apr 21 19:37:01,17 Apr 21 19:37:55,
1229,17 Apr 21 19:39:09,17 Apr 21 19:59:25,
1230,17 Apr 21 20:00:36,17 Apr 21 20:06:59,
1231,17 Apr 21 20:08:15,17 Apr 21 20:10:39,
1232,17 Apr 21 20:12:02,17 Apr 21 20:13:07,
1233,17 Apr 21 20:14:33,17 Apr 21 20:16:49,
1234,17 Apr 21 20:18:16,17 Apr 21 20:36:16,
1235,17 Apr 21 20:37:36,17 Apr 21 20:54:15,
1236,17 Apr 21 20:55:42,17 Apr 21 20:56:37,
1237,17 Apr 21 20:58:19,17 Apr 21 20:59:19,
1238,17 Apr 21 21:00:38,17 Apr 21 21:07:07,
1239,17 Apr 21 21:08:29,17 Apr 21 21:10:46,
1240,17 Apr 21 21:12:09,17 Apr 21 21:13:04,
1241,17 Apr 21 21:14:18,17 Apr 21 21:22:18,
1242,18 Apr 21 14:23:23,18 Apr 21 14:25:59,
1243,18 Apr 21 14:27:20,18 Apr 21 14:47:47,
1244,18 Apr 21 14:52:26,18 Apr 21 14:58:52,
1245,18 Apr 21 15:00:07,18 Apr 21 15:16:46,
1246,18 Apr 21 15:18:47,18 Apr 21 15:19:41,
1247,18 Apr 21 15:22:14,18 Apr 21 15:40:42,
1248,18 Apr 21 15:47:00,18 Apr 21 15:47:58,
1249,18 Apr 21 15:49:19,18 Apr 21 15:51:38,
1250,18 Apr 21 15:53:02,18 Apr 21 15:54:15,
1251,18 Apr 21 15:55:18,18 Apr 21 15:56:46,
1252,18 Apr 21 16:00:13,18 Apr 21 16:15:18,
1253,18 Apr 21 20:06:12,18 Apr 21 20:07:12,
1254,18 Apr 21 20:08:28,18 Apr 21 20:09:30,
1255,18 Apr 21 20:10:44,18 Apr 21 20:13:10,
1256,18 Apr 21 20:14:31,18 Apr 21 20:20:38,
1257,18 Apr 21 20:21:56,18 Apr 21 20:24:20,
1258,18 Apr 21 20:25:42,18 Apr 21 20:50:19,
1259,18 Apr 21 20:51:34,18 Apr 21 20:53:48,
1260,18 Apr 21 20:55:13,18 Apr 21 20:57:39,
1261,18 Apr 21 20:58:58,18 Apr 21 21:25:48,00:26:47.86
1262,18 Apr 21 21:32:53,18 Apr 21 21:49:25,
1263,19 Apr 21 16:16:28,19 Apr 21 16:25:55,
1264,19 Apr 21 16:27:12,19 Apr 21 16:39:16,
1265,19 Apr 21 16:41:30,19 Apr 21 16:42:25,
1266,19 Apr 21 16:43:39,19 Apr 21 16:44:34,
1267,19 Apr 21 16:45:48,19 Apr 21 16:48:07,
1268,19 Apr 21 16:49:30,19 Apr 21 16:56:42,
1269,19 Apr 21 16:57:56,19 Apr 21 16:58:53,
1270,19 Apr 21 17:00:20,19 Apr 21 17:09:15,
1271,19 Apr 21 17:10:34,19 Apr 21 17:11:35,
1272,19 Apr 21 17:12:48,19 Apr 21 17:15:07,
1273,19 Apr 21 17:16:33,19 Apr 21 17:18:46,
1274,19 Apr 21 17:20:10,19 Apr 21 17:29:57,
1275,19 Apr 21 17:31:11,19 Apr 21 17:33:29,
1276,19 Apr 21 17:36:06,19 Apr 21 17:38:31,
1277,19 Apr 21 17:39:52,19 Apr 21 17:52:54,
1278,20 Apr 21 14:50:36,20 Apr 21 14:51:35,
1279,20 Apr 21 14:53:04,20 Apr 21 15:03:26,
1280,20 Apr 21 15:04:45,20 Apr 21 15:05:44,
1281,20 Apr 21 15:06:57,20 Apr 21 15:26:49,
1282,20 Apr 21 15:28:07,20 Apr 21 15:30:35,
1283,20 Apr 21 15:31:59,20 Apr 21 15:39:34,
1284,20 Apr 21 15:41:05,20 Apr 21 15:47:29,
1285,20 Apr 21 15:48:44,20 Apr 21 15:51:08,
1286,20 Apr 21 15:52:31,20 Apr 21 15:53:37,
1287,20 Apr 21 15:58:28,20 Apr 21 16:08:16,
1288,20 Apr 21 16:09:33,20 Apr 21 16:10:27,
1289,20 Apr 21 16:11:44,20 Apr 21 16:18:35,
1290,20 Apr 21 16:19:59,20 Apr 21 16:20:51,
1291,20 Apr 21 16:22:03,20 Apr 21 16:24:24,
1292,20 Apr 21 16:25:46,20 Apr 21 16:26:44,
1293,20 Apr 21 16:27:58,20 Apr 21 16:28:59,
1294,20 Apr 21 16:30:13,20 Apr 21 16:45:31,
1295,20 Apr 21 16:46:47,20 Apr 21 16:47:45,
1296,20 Apr 21 16:49:01,20 Apr 21 19:01:40,
1297,24 Apr 21 18:53:27,24 Apr 21 18:55:51,
1298,24 Apr 21 18:57:17,24 Apr 21 18:59:35,
1299,24 Apr 21 19:06:00,24 Apr 21 19:22:18,
1300,24 Apr 21 19:23:34,24 Apr 21 19:24:36,
1301,24 Apr 21 19:51:38,24 Apr 21 20:03:11,
1302,24 Apr 21 20:04:27,24 Apr 21 20:05:25,
1303,24 Apr 21 20:06:37,24 Apr 21 20:08:51,
1304,24 Apr 21 20:10:14,24 Apr 21 20:11:15,
1305,24 Apr 21 20:12:30,24 Apr 21 20:14:49,
1306,24 Apr 21 20:16:13,24 Apr 21 20:18:31,
1307,24 Apr 21 20:19:53,24 Apr 21 20:26:10,
1308,24 Apr 21 20:27:26,24 Apr 21 20:29:48,
1309,24 Apr 21 20:31:10,24 Apr 21 20:39:11,
1310,24 Apr 21 20:40:31,24 Apr 21 20:42:57,
1311,24 Apr 21 20:44:18,24 Apr 21 20:52:17,
1312,09 May 21 19:05:59,09 May 21 19:08:20,
1313,09 May 21 19:09:42,09 May 21 19:16:27,
1314,09 May 21 19:17:43,09 May 21 19:24:10,
1315,09 May 21 19:25:27,09 May 21 19:43:26,
1316,09 May 21 19:44:34,09 May 21 19:46:55,
1317,09 May 21 19:48:26,09 May 21 19:49:22,
1318,09 May 21 19:50:36,09 May 21 19:51:31,
1319,09 May 21 19:52:50,09 May 21 19:59:01,
1320,09 May 21 20:00:17,09 May 21 20:02:37,
1321,09 May 21 20:03:59,09 May 21 20:06:19,
1322,09 May 21 20:07:40,09 May 21 20:08:34,
1323,09 May 21 20:09:48,09 May 21 20:25:24,
1324,09 May 21 20:26:38,09 May 21 20:28:58,
1325,09 May 21 20:30:19,09 May 21 20:44:25,
1326,09 May 21 20:45:50,09 May 21 21:02:18,
1327,09 May 21 21:03:35,09 May 21 21:15:54,
1328,15 May 21 14:51:05,15 May 21 15:24:20,
1329,15 May 21 15:25:38,15 May 21 15:32:26,
1330,15 May 21 15:33:43,15 May 21 16:12:11,00:38:27.39
1331,15 May 21 16:13:43,15 May 21 16:43:43,00:29:58.15
1332,22 May 21 18:41:24,22 May 21 18:59:39,
1333,22 May 21 19:00:59,22 May 21 19:05:14,
1334,22 May 21 19:06:29,22 May 21 19:12:44,
1335,22 May 21 19:14:05,22 May 21 19:20:17,
1336,22 May 21 19:21:32,22 May 21 19:36:17,
1337,22 May 21 19:37:35,22 May 21 19:54:46,
1338,22 May 21 19:56:17,22 May 21 20:02:38,
1339,22 May 21 20:04:00,22 May 21 20:06:18,
1340,22 May 21 20:07:40,22 May 21 20:08:39,
1341,22 May 21 20:09:56,22 May 21 20:32:54,
1342,22 May 21 20:34:20,22 May 21 20:40:29,
1343,22 May 21 20:41:54,22 May 21 20:42:49,
1344,22 May 21 20:44:02,22 May 21 21:47:01,
1345,23 May 21 16:27:23,23 May 21 16:33:51,
1346,23 May 21 16:36:36,23 May 21 16:37:39,
1347,23 May 21 16:39:21,23 May 21 16:41:48,
1348,23 May 21 16:43:06,23 May 21 16:44:05,
1349,23 May 21 16:45:44,23 May 21 16:54:42,
1350,23 May 21 16:56:01,23 May 21 16:58:20,
1351,23 May 21 16:59:44,23 May 21 17:02:05,
1352,23 May 21 17:03:25,23 May 21 17:04:23,
1353,23 May 21 17:05:38,23 May 21 17:14:42,
1354,23 May 21 17:16:05,23 May 21 17:18:24,
1355,23 May 21 17:19:45,23 May 21 17:34:14,
1356,23 May 21 17:35:29,23 May 21 17:36:28,
1357,23 May 21 17:37:41,23 May 21 17:41:41,
1358,23 May 21 17:42:56,23 May 21 17:45:16,
1359,23 May 21 17:46:39,23 May 21 17:53:52,
1360,06 Jun 21 16:09:48,06 Jun 21 16:13:23,
1361,06 Jun 21 16:13:34,06 Jun 21 16:14:43,
1362,06 Jun 21 16:15:58,06 Jun 21 16:18:26,
1363,06 Jun 21 16:19:58,06 Jun 21 16:22:16,
1364,06 Jun 21 16:23:38,06 Jun 21 16:30:01,
1365,06 Jun 21 16:31:15,06 Jun 21 16:34:01,
1366,06 Jun 21 16:35:23,06 Jun 21 16:42:25,
1367,06 Jun 21 16:46:27,06 Jun 21 16:53:04,
1368,06 Jun 21 16:54:36,06 Jun 21 16:55:39,
1369,06 Jun 21 16:56:54,06 Jun 21 17:01:05,
1370,06 Jun 21 17:02:27,06 Jun 21 17:09:36,
1371,06 Jun 21 17:10:57,06 Jun 21 17:11:59,
1372,06 Jun 21 17:13:13,06 Jun 21 17:24:42,
1373,06 Jun 21 17:26:01,06 Jun 21 17:26:04,
1374,06 Jun 21 17:26:05,06 Jun 21 17:42:44,
1375,06 Jun 21 17:43:59,06 Jun 21 17:46:40,
1376,06 Jun 21 17:47:40,06 Jun 21 17:48:42,
1377,06 Jun 21 17:49:54,06 Jun 21 17:50:47,
1378,06 Jun 21 17:52:00,06 Jun 21 17:52:56,
1379,06 Jun 21 17:54:09,06 Jun 21 19:33:01,
1380,15 Aug 21 16:06:38,15 Aug 21 16:58:14,00:51:35.20
1381,15 Aug 21 17:06:16,15 Aug 21 17:17:57,
1382,15 Aug 21 18:57:28,15 Aug 21 18:59:55,
1383,15 Aug 21 19:01:17,15 Aug 21 19:18:43,
1384,15 Aug 21 19:20:19,15 Aug 21 19:22:48,
1385,15 Aug 21 19:24:10,15 Aug 21 19:25:11,
1386,15 Aug 21 19:26:24,15 Aug 21 19:27:28,
1387,15 Aug 21 19:28:41,15 Aug 21 19:33:11,
1388,15 Aug 21 19:34:23,15 Aug 21 19:43:38,
1389,15 Aug 21 19:44:57,15 Aug 21 19:47:21,
1390,15 Aug 21 19:48:43,15 Aug 21 19:49:48,
1391,15 Aug 21 19:51:04,15 Aug 21 19:53:22,
1392,15 Aug 21 19:54:44,15 Aug 21 20:07:23,
1393,15 Aug 21 20:08:39,15 Aug 21 20:09:37,
1394,15 Aug 21 20:10:56,15 Aug 21 20:11:58,
1395,15 Aug 21 20:13:11,15 Aug 21 20:37:52,
1396,15 Aug 21 20:39:16,15 Aug 21 20:40:20,
1397,15 Aug 21 20:41:33,15 Aug 21 20:43:54,
1398,15 Aug 21 20:45:15,15 Aug 21 21:17:43,
1399,16 Aug 21 22:03:05,16 Aug 21 22:05:56,
1400,16 Aug 21 22:17:55,16 Aug 21 22:20:13,
1401,16 Aug 21 22:21:35,16 Aug 21 23:07:02,
1402,18 Aug 21 19:37:34,18 Aug 21 19:43:54,
1403,18 Aug 21 19:45:08,18 Aug 21 19:47:29,
1404,18 Aug 21 19:48:49,18 Aug 21 19:51:19,
1405,18 Aug 21 19:59:11,18 Aug 21 20:01:35,
1406,18 Aug 21 20:05:37,18 Aug 21 20:15:29,
1407,18 Aug 21 20:19:44,18 Aug 21 20:29:40,
1408,18 Aug 21 20:30:56,18 Aug 21 20:53:07,
1409,18 Aug 21 21:23:44,18 Aug 21 21:34:13,
1410,18 Aug 21 21:39:53,18 Aug 21 21:40:58,
1411,18 Aug 21 21:42:10,18 Aug 21 23:07:41,
1412,19 Aug 21 21:57:13,19 Aug 21 21:58:12,
1413,19 Aug 21 22:00:28,19 Aug 21 22:01:29,
1414,19 Aug 21 22:02:41,19 Aug 21 22:05:09,
1415,19 Aug 21 22:06:33,19 Aug 21 22:16:02,
1416,19 Aug 21 22:17:18,19 Aug 21 22:26:25,
1417,19 Aug 21 22:29:15,19 Aug 21 22:31:34,
1418,19 Aug 21 22:32:55,19 Aug 21 22:39:29,
1419,19 Aug 21 22:40:44,19 Aug 21 22:56:16,
1420,20 Aug 21 18:50:07,20 Aug 21 18:53:45,
1421,20 Aug 21 18:53:47,20 Aug 21 18:56:10,
1422,20 Aug 21 18:57:33,20 Aug 21 19:05:39,
1423,20 Aug 21 19:07:02,20 Aug 21 19:09:20,
1424,20 Aug 21 19:10:48,20 Aug 21 19:33:10,
1425,20 Aug 21 19:33:13,20 Aug 21 19:33:17,
1426,21 Aug 21 22:17:32,21 Aug 21 22:27:19,
1427,21 Aug 21 22:28:59,21 Aug 21 22:38:50,
1428,21 Aug 21 22:40:06,21 Aug 21 22:41:08,
1429,21 Aug 21 22:42:49,21 Aug 21 22:50:15,
1430,21 Aug 21 22:51:32,21 Aug 21 23:10:13,
1431,21 Aug 21 23:12:08,21 Aug 21 23:13:05,
1432,21 Aug 21 23:14:45,21 Aug 21 23:17:10,
1433,21 Aug 21 23:18:26,21 Aug 21 23:25:32,
1434,21 Aug 21 23:26:47,21 Aug 21 23:41:40,
1435,21 Aug 21 23:42:14,21 Aug 21 23:44:51,
1436,21 Aug 21 23:46:05,22 Aug 21 00:06:02,
1437,22 Aug 21 11:50:38,22 Aug 21 11:54:54,
1438,22 Aug 21 11:56:12,22 Aug 21 11:58:45,
1439,22 Aug 21 12:00:06,22 Aug 21 12:06:32,
1440,22 Aug 21 12:07:45,22 Aug 21 12:08:44,
1441,22 Aug 21 12:09:58,22 Aug 21 12:12:15,
1442,22 Aug 21 12:13:36,22 Aug 21 12:34:19,
1443,24 Aug 21 20:52:30,24 Aug 21 20:58:46,
1444,24 Aug 21 21:00:56,24 Aug 21 21:07:57,
1445,24 Aug 21 21:09:13,24 Aug 21 21:18:11,
1446,24 Aug 21 21:19:29,24 Aug 21 21:35:51,
1447,24 Aug 21 22:29:44,24 Aug 21 22:32:00,
1448,24 Aug 21 22:33:23,24 Aug 21 22:50:47,
1449,24 Aug 21 22:51:55,24 Aug 21 23:11:29,
1450,25 Aug 21 19:16:44,25 Aug 21 19:25:53,
1451,25 Aug 21 19:28:28,25 Aug 21 19:40:13,
1452,25 Aug 21 19:45:56,25 Aug 21 19:48:12,
1453,25 Aug 21 19:49:34,25 Aug 21 19:50:38,
1454,25 Aug 21 19:51:51,25 Aug 21 20:00:49,
1455,25 Aug 21 20:02:14,25 Aug 21 20:03:23,
1456,25 Aug 21 20:04:37,25 Aug 21 20:07:00,
1457,25 Aug 21 20:08:26,25 Aug 21 20:10:45,
1458,25 Aug 21 20:12:05,25 Aug 21 20:20:48,
1459,25 Aug 21 20:22:10,25 Aug 21 20:24:30,
1460,25 Aug 21 20:25:50,25 Aug 21 20:52:56,00:27:04.77
1461,25 Aug 21 21:53:25,25 Aug 21 22:17:16,
1462,25 Aug 21 22:32:44,25 Aug 21 22:33:39,
1463,25 Aug 21 22:34:53,25 Aug 21 22:43:53,
1464,25 Aug 21 22:44:59,25 Aug 21 23:01:36,
1465,25 Aug 21 23:03:00,25 Aug 21 23:03:52,
1466,25 Aug 21 23:05:06,25 Aug 21 23:06:00,
1467,25 Aug 21 23:07:15,25 Aug 21 23:19:20,
1468,26 Aug 21 19:50:20,26 Aug 21 19:57:12,
1469,26 Aug 21 19:58:27,26 Aug 21 20:00:52,
1470,26 Aug 21 20:02:15,26 Aug 21 20:03:20,
1471,26 Aug 21 20:04:33,26 Aug 21 20:11:28,
1472,26 Aug 21 20:12:47,26 Aug 21 20:16:01,
1473,26 Aug 21 20:19:08,26 Aug 21 20:20:01,
1474,26 Aug 21 20:21:20,26 Aug 21 22:02:48,
1475,26 Aug 21 22:04:08,26 Aug 21 22:21:08,
1476,26 Aug 21 22:22:50,26 Aug 21 22:23:49,
1477,26 Aug 21 22:25:04,26 Aug 21 22:27:26,
1478,26 Aug 21 22:28:53,26 Aug 21 22:31:18,
1479,26 Aug 21 22:32:41,26 Aug 21 22:42:12,
1480,26 Aug 21 22:43:41,26 Aug 21 23:08:15,
1481,26 Aug 21 23:09:53,26 Aug 21 23:12:14,
1482,27 Aug 21 23:10:18,27 Aug 21 23:19:23,
1483,27 Aug 21 23:20:37,27 Aug 21 23:27:12,
1484,27 Aug 21 23:28:29,27 Aug 21 23:34:50,
1485,27 Aug 21 23:37:24,27 Aug 21 23:43:42,
1486,27 Aug 21 23:44:56,27 Aug 21 23:44:58,
1487,27 Aug 21 23:45:03,27 Aug 21 23:47:28,
1488,27 Aug 21 23:48:56,27 Aug 21 23:51:21,
1489,27 Aug 21 23:52:43,27 Aug 21 23:55:03,
1490,28 Aug 21 09:59:37,28 Aug 21 10:00:33,
1491,28 Aug 21 10:01:49,28 Aug 21 10:16:31,
1492,28 Aug 21 10:17:46,28 Aug 21 10:23:54,
1493,28 Aug 21 10:25:09,28 Aug 21 10:27:32,
1494,28 Aug 21 10:28:55,28 Aug 21 10:31:17,
1495,28 Aug 21 10:32:37,28 Aug 21 10:34:56,
1496,28 Aug 21 10:36:16,28 Aug 21 10:42:33,
1497,28 Aug 21 10:43:49,28 Aug 21 10:50:17,
1498,28 Aug 21 10:51:39,28 Aug 21 10:53:59,
1499,28 Aug 21 10:55:20,28 Aug 21 11:06:40,
1500,28 Aug 21 11:08:04,28 Aug 21 11:27:06,
1501,28 Aug 21 11:28:32,28 Aug 21 11:45:27,
1502,28 Aug 21 11:46:50,28 Aug 21 11:50:24,
1503,28 Aug 21 11:51:24,28 Aug 21 11:57:32,
1504,28 Aug 21 11:58:51,28 Aug 21 11:59:43,
1505,28 Aug 21 12:01:23,28 Aug 21 12:08:02,
1506,28 Aug 21 12:09:16,28 Aug 21 12:11:34,
1507,28 Aug 21 12:13:00,28 Aug 21 12:17:26,
1508,28 Aug 21 12:18:18,28 Aug 21 12:20:39,
1509,28 Aug 21 12:22:01,28 Aug 21 12:24:26,
1510,28 Aug 21 12:25:46,28 Aug 21 12:34:08,
1511,28 Aug 21 12:35:23,28 Aug 21 12:49:43,
1512,28 Aug 21 14:16:19,28 Aug 21 14:17:25,
1513,28 Aug 21 14:18:37,28 Aug 21 19:40:33,
1514,28 Aug 21 19:41:46,28 Aug 21 19:42:44,
1515,28 Aug 21 19:44:05,28 Aug 21 19:50:49,
1516,28 Aug 21 19:52:04,28 Aug 21 20:04:24,
1517,28 Aug 21 20:07:12,28 Aug 21 20:09:29,
1518,28 Aug 21 20:10:51,28 Aug 21 20:30:08,
1519,28 Aug 21 20:31:23,28 Aug 21 20:47:58,
1520,28 Aug 21 20:49:13,28 Aug 21 20:51:34,
1521,28 Aug 21 20:52:57,28 Aug 21 21:01:39,
1522,28 Aug 21 21:03:41,28 Aug 21 21:04:56,
1523,28 Aug 21 21:06:15,28 Aug 21 21:08:32,
1524,28 Aug 21 21:09:57,28 Aug 21 21:12:23,
1525,28 Aug 21 22:09:11,28 Aug 21 22:18:10,
1526,29 Aug 21 10:37:46,29 Aug 21 10:40:08,
1527,29 Aug 21 10:41:31,29 Aug 21 10:43:56,
1528,29 Aug 21 10:45:20,29 Aug 21 10:54:50,
1529,29 Aug 21 10:56:10,29 Aug 21 11:05:27,
1530,29 Aug 21 11:06:49,29 Aug 21 11:57:01,
1531,29 Aug 21 11:58:59,29 Aug 21 12:18:34,
1532,29 Aug 21 12:20:02,29 Aug 21 12:39:52,
1533,29 Aug 21 16:32:15,29 Aug 21 16:34:32,
1534,29 Aug 21 16:35:54,29 Aug 21 16:55:21,
1535,29 Aug 21 16:57:18,29 Aug 21 17:00:01,
1536,29 Aug 21 17:01:26,29 Aug 21 17:17:18,
1537,29 Aug 21 17:29:40,29 Aug 21 17:35:31,
1538,29 Aug 21 17:36:54,29 Aug 21 17:42:26,
1539,29 Aug 21 17:43:36,29 Aug 21 17:45:54,
1540,29 Aug 21 19:45:37,29 Aug 21 20:10:17,
1541,29 Aug 21 20:10:49,29 Aug 21 20:11:44,
1542,29 Aug 21 20:12:58,29 Aug 21 20:15:21,
1543,29 Aug 21 20:16:43,29 Aug 21 20:23:05,
1544,29 Aug 21 20:24:24,29 Aug 21 20:37:33,
1545,29 Aug 21 20:38:49,29 Aug 21 20:42:42,
1546,29 Aug 21 20:44:08,29 Aug 21 20:59:00,
1547,29 Aug 21 21:00:17,29 Aug 21 21:01:43,
1548,29 Aug 21 21:02:58,29 Aug 21 21:17:55,
1549,29 Aug 21 21:19:03,29 Aug 21 21:33:51,
1550,29 Aug 21 21:35:11,29 Aug 21 21:37:41,
1551,29 Aug 21 22:20:49,29 Aug 21 22:32:35,
1552,29 Aug 21 22:33:51,29 Aug 21 22:43:16,
1553,29 Aug 21 22:44:34,29 Aug 21 22:50:27,
1554,29 Aug 21 22:51:47,29 Aug 21 22:55:01,
1555,29 Aug 21 22:56:15,29 Aug 21 22:58:41,
1556,30 Aug 21 19:54:53,30 Aug 21 21:57:12,
1557,30 Aug 21 21:58:22,30 Aug 21 22:17:34,
1558,30 Aug 21 22:18:47,30 Aug 21 22:19:46,
1559,30 Aug 21 22:21:02,30 Aug 21 22:23:30,
1560,30 Aug 21 22:24:43,30 Aug 21 22:28:46,
1561,30 Aug 21 22:30:02,30 Aug 21 22:47:13,
1562,30 Aug 21 22:48:27,30 Aug 21 22:49:24,
1563,30 Aug 21 22:50:37,30 Aug 21 22:53:09,
1564,30 Aug 21 22:54:21,30 Aug 21 22:56:47,
1565,31 Aug 21 19:31:30,31 Aug 21 19:37:36,
1566,31 Aug 21 19:38:56,31 Aug 21 19:59:45,
1567,31 Aug 21 20:01:42,31 Aug 21 20:21:07,
1568,31 Aug 21 20:25:02,31 Aug 21 20:27:21,
1569,31 Aug 21 20:28:44,31 Aug 21 20:32:32,
1570,31 Aug 21 20:33:54,31 Aug 21 20:34:52,
1571,31 Aug 21 20:36:05,31 Aug 21 20:38:56,
1572,31 Aug 21 20:40:19,31 Aug 21 20:46:27,
1573,31 Aug 21 20:47:43,31 Aug 21 20:50:00,
1574,31 Aug 21 20:51:23,31 Aug 21 20:53:45,
1575,31 Aug 21 20:55:06,31 Aug 21 20:57:24,
1576,31 Aug 21 20:58:45,31 Aug 21 21:01:10,
1577,31 Aug 21 21:02:30,31 Aug 21 21:05:11,
1578,31 Aug 21 21:06:26,31 Aug 21 21:08:58,
1579,31 Aug 21 21:10:13,31 Aug 21 21:16:31,
1580,31 Aug 21 21:17:54,31 Aug 21 21:19:14,
1581,31 Aug 21 21:20:16,31 Aug 21 21:26:26,
1582,31 Aug 21 22:03:02,31 Aug 21 22:15:54,
1583,31 Aug 21 22:17:42,31 Aug 21 22:19:59,
1584,31 Aug 21 22:21:26,31 Aug 21 22:23:55,
1585,31 Aug 21 22:25:14,31 Aug 21 22:26:16,
1586,31 Aug 21 22:27:29,31 Aug 21 22:29:53,
1587,31 Aug 21 22:31:38,31 Aug 21 22:45:41,
1588,31 Aug 21 22:47:04,31 Aug 21 22:47:56,
1589,31 Aug 21 22:49:09,31 Aug 21 22:51:29,
1590,31 Aug 21 22:52:49,31 Aug 21 22:58:38,
1591,01 Sep 21 19:44:17,01 Sep 21 19:50:05,
1592,01 Sep 21 19:51:37,01 Sep 21 19:53:54,
1593,01 Sep 21 19:55:24,01 Sep 21 20:05:17,
1594,01 Sep 21 20:08:31,01 Sep 21 20:20:41,
1595,01 Sep 21 20:21:57,01 Sep 21 20:24:16,
1596,01 Sep 21 20:25:38,01 Sep 21 20:27:54,
1597,01 Sep 21 20:29:15,01 Sep 21 20:31:35,
1598,01 Sep 21 20:32:56,01 Sep 21 20:35:12,
1599,01 Sep 21 20:36:48,01 Sep 21 20:55:02,
1600,01 Sep 21 20:56:19,01 Sep 21 20:57:21,
1601,01 Sep 21 20:58:35,01 Sep 21 21:01:18,
1602,01 Sep 21 22:00:03,01 Sep 21 22:02:21,
1603,01 Sep 21 22:03:40,01 Sep 21 22:10:27,
1604,01 Sep 21 22:11:42,01 Sep 21 22:19:26,
1605,01 Sep 21 22:20:38,01 Sep 21 22:23:04,
1606,01 Sep 21 22:24:25,01 Sep 21 22:26:47,
1607,01 Sep 21 22:28:07,01 Sep 21 22:49:19,
1608,04 Sep 21 09:01:08,04 Sep 21 09:10:50,
1609,04 Sep 21 09:12:05,04 Sep 21 09:15:35,
1610,04 Sep 21 09:16:51,04 Sep 21 09:19:06,
1611,04 Sep 21 09:20:28,04 Sep 21 09:21:29,
1612,04 Sep 21 09:22:44,04 Sep 21 09:32:58,
1613,04 Sep 21 09:34:11,04 Sep 21 09:51:01,
1614,04 Sep 21 09:57:25,04 Sep 21 10:10:23,
1615,04 Sep 21 10:11:38,04 Sep 21 10:19:30,
1616,04 Sep 21 10:23:04,04 Sep 21 10:49:39,00:26:33.47
1617,04 Sep 21 10:57:21,04 Sep 21 11:03:13,
1618,04 Sep 21 11:04:28,04 Sep 21 11:05:29,
1619,04 Sep 21 11:06:42,04 Sep 21 11:07:56,
1620,04 Sep 21 11:09:24,04 Sep 21 11:10:18,
1621,04 Sep 21 11:11:32,04 Sep 21 12:54:04,
1622,04 Sep 21 12:59:00,04 Sep 21 13:07:58,
1623,04 Sep 21 13:09:32,04 Sep 21 14:25:08,
1624,04 Sep 21 14:26:45,04 Sep 21 14:29:25,
1625,04 Sep 21 14:30:46,04 Sep 21 14:38:12,
1626,04 Sep 21 14:39:45,04 Sep 21 14:42:16,
1627,04 Sep 21 14:43:39,04 Sep 21 14:44:51,
1628,04 Sep 21 14:46:05,04 Sep 21 14:47:06,
1629,04 Sep 21 14:48:51,04 Sep 21 14:49:48,
1630,04 Sep 21 14:51:10,04 Sep 21 15:33:54,
1631,04 Sep 21 15:54:40,04 Sep 21 15:55:46,
1632,04 Sep 21 15:56:13,04 Sep 21 15:59:12,
1633,04 Sep 21 15:59:12,04 Sep 21 16:00:51,
1634,04 Sep 21 16:00:58,04 Sep 21 16:02:42,
1635,04 Sep 21 16:06:05,04 Sep 21 16:08:09,
1636,04 Sep 21 16:09:46,04 Sep 21 16:11:00,
1637,04 Sep 21 16:11:51,04 Sep 21 16:15:58,
1638,04 Sep 21 16:15:58,04 Sep 21 16:19:00,
1639,04 Sep 21 16:19:23,04 Sep 21 16:41:26,
1640,04 Sep 21 16:41:53,04 Sep 21 16:42:05,
1641,04 Sep 21 16:42:06,04 Sep 21 16:42:25,
1642,04 Sep 21 16:42:28,04 Sep 21 16:45:11,
1643,04 Sep 21 16:45:36,04 Sep 21 16:45:53,
1644,04 Sep 21 16:45:54,04 Sep 21 16:46:04,
1645,04 Sep 21 16:46:06,04 Sep 21 16:46:19,
1646,04 Sep 21 16:46:20,04 Sep 21 16:57:40,
1647,04 Sep 21 16:57:41,04 Sep 21 16:58:34,
1648,04 Sep 21 16:58:35,04 Sep 21 17:00:37,
1649,04 Sep 21 17:31:22,04 Sep 21 17:33:45,
1650,04 Sep 21 17:33:46,04 Sep 21 17:34:31,
1651,04 Sep 21 17:34:32,04 Sep 21 17:36:54,
1652,04 Sep 21 17:37:08,04 Sep 21 17:38:23,
1653,04 Sep 21 17:38:47,04 Sep 21 17:39:07,
1654,04 Sep 21 17:39:08,04 Sep 21 17:40:41,
1655,04 Sep 21 18:02:49,04 Sep 21 19:15:22,
1656,04 Sep 21 19:15:30,04 Sep 21 19:17:36,
1657,04 Sep 21 19:18:13,04 Sep 21 19:29:51,
1658,04 Sep 21 19:30:47,04 Sep 21 19:33:07,
1659,04 Sep 21 19:54:13,04 Sep 21 19:54:27,
1660,04 Sep 21 19:54:28,04 Sep 21 19:55:01,
1661,04 Sep 21 19:55:02,04 Sep 21 19:55:07,
1662,04 Sep 21 19:55:15,04 Sep 21 19:55:58,
1663,04 Sep 21 19:55:59,04 Sep 21 19:56:14,
1664,04 Sep 21 19:56:52,04 Sep 21 19:57:07,
1665,04 Sep 21 19:57:55,04 Sep 21 19:58:23,
1666,04 Sep 21 19:58:44,04 Sep 21 19:58:50,
1667,04 Sep 21 19:58:53,04 Sep 21 19:59:20,
1668,04 Sep 21 19:59:25,04 Sep 21 19:59:32,
1669,04 Sep 21 19:59:33,04 Sep 21 19:59:51,
1670,04 Sep 21 19:59:52,04 Sep 21 20:01:39,
1671,04 Sep 21 20:01:39,04 Sep 21 20:01:58,
1672,04 Sep 21 20:01:58,04 Sep 21 20:02:11,
1673,04 Sep 21 20:02:12,04 Sep 21 20:02:33,
1674,04 Sep 21 20:02:33,04 Sep 21 20:04:55,
1675,04 Sep 21 20:06:40,04 Sep 21 20:09:10,
1676,04 Sep 21 20:10:45,04 Sep 21 20:13:04,
1677,04 Sep 21 20:14:31,04 Sep 21 20:15:27,
1678,04 Sep 21 20:16:40,04 Sep 21 20:22:04,
1679,04 Sep 21 20:22:10,04 Sep 21 20:26:45,
1680,04 Sep 21 20:27:09,04 Sep 21 20:29:43,
1681,04 Sep 21 20:42:22,04 Sep 21 20:42:44,
1682,04 Sep 21 20:43:17,04 Sep 21 20:43:25,
1683,04 Sep 21 20:43:49,04 Sep 21 20:44:37,
1684,04 Sep 21 20:45:19,04 Sep 21 20:46:00,
1685,04 Sep 21 20:52:04,04 Sep 21 20:52:41,
1686,04 Sep 21 20:53:04,04 Sep 21 20:53:17,
1687,04 Sep 21 20:53:42,04 Sep 21 20:54:20,
1688,05 Sep 21 11:07:15,05 Sep 21 11:09:04,
1689,05 Sep 21 11:09:22,05 Sep 21 11:09:39,
1690,05 Sep 21 11:09:40,05 Sep 21 11:10:36,
1691,05 Sep 21 11:10:48,05 Sep 21 11:15:52,
1692,05 Sep 21 11:26:13,05 Sep 21 11:26:27,
1693,05 Sep 21 11:26:28,05 Sep 21 11:29:22,
1694,05 Sep 21 11:29:49,05 Sep 21 11:46:57,
1695,05 Sep 21 12:50:31,05 Sep 21 12:52:26,
1696,05 Sep 21 12:53:01,05 Sep 21 12:53:11,
1697,05 Sep 21 12:53:12,05 Sep 21 12:53:22,
1698,05 Sep 21 12:53:24,05 Sep 21 12:53:34,
1699,05 Sep 21 12:53:35,05 Sep 21 12:53:46,
1700,05 Sep 21 12:54:06,05 Sep 21 12:56:29,
1701,05 Sep 21 12:58:08,05 Sep 21 12:58:22,
1702,05 Sep 21 12:58:23,05 Sep 21 12:58:36,
1703,05 Sep 21 12:58:37,05 Sep 21 12:58:52,
1704,05 Sep 21 12:59:07,05 Sep 21 13:00:26,
1705,05 Sep 21 13:00:41,05 Sep 21 13:01:34,
1706,05 Sep 21 13:01:44,05 Sep 21 13:01:53,
1707,05 Sep 21 13:01:54,05 Sep 21 13:02:25,
1708,05 Sep 21 13:02:26,05 Sep 21 13:03:27,
1709,05 Sep 21 13:03:57,05 Sep 21 13:04:16,
1710,05 Sep 21 13:04:16,05 Sep 21 13:05:23,
1711,05 Sep 21 13:05:37,05 Sep 21 13:07:04,
1712,05 Sep 21 13:07:29,05 Sep 21 13:08:53,
1713,05 Sep 21 13:09:30,05 Sep 21 13:09:40,
1714,05 Sep 21 13:09:40,05 Sep 21 13:09:49,
1715,05 Sep 21 13:09:50,05 Sep 21 13:10:05,
1716,05 Sep 21 13:10:05,05 Sep 21 13:11:18,
1717,05 Sep 21 13:11:56,05 Sep 21 13:14:05,
1718,05 Sep 21 13:15:35,05 Sep 21 13:16:20,
1719,05 Sep 21 13:16:31,05 Sep 21 13:18:36,
1720,05 Sep 21 13:18:58,05 Sep 21 13:19:05,
1721,05 Sep 21 13:19:30,05 Sep 21 13:19:58,
1722,05 Sep 21 13:20:24,05 Sep 21 13:22:30,
1723,05 Sep 21 13:23:20,05 Sep 21 15:00:29,
1724,05 Sep 21 15:01:47,05 Sep 21 15:03:24,
1725,05 Sep 21 15:09:05,05 Sep 21 15:09:30,
1726,05 Sep 21 15:09:31,05 Sep 21 15:09:39,
1727,05 Sep 21 15:09:39,05 Sep 21 15:10:55,
1728,05 Sep 21 15:11:18,05 Sep 21 15:12:06,
1729,05 Sep 21 15:13:06,05 Sep 21 15:14:31,
1730,05 Sep 21 15:14:35,05 Sep 21 15:15:13,
1731,05 Sep 21 15:15:37,05 Sep 21 15:15:50,
1732,05 Sep 21 15:15:50,05 Sep 21 15:16:10,
1733,05 Sep 21 15:16:10,05 Sep 21 15:16:28,
1734,05 Sep 21 15:16:29,05 Sep 21 15:16:37,
1735,05 Sep 21 15:16:38,05 Sep 21 15:17:12,
1736,05 Sep 21 15:17:34,05 Sep 21 15:17:48,
1737,05 Sep 21 15:17:48,05 Sep 21 15:20:06,
1738,05 Sep 21 15:20:51,05 Sep 21 15:21:02,
1739,05 Sep 21 15:21:02,05 Sep 21 15:21:10,
1740,05 Sep 21 15:21:10,05 Sep 21 15:22:03,
1741,05 Sep 21 15:22:35,05 Sep 21 15:22:48,
1742,05 Sep 21 15:22:48,05 Sep 21 15:22:58,
1743,05 Sep 21 15:26:28,05 Sep 21 15:26:36,
1744,05 Sep 21 15:26:37,05 Sep 21 15:26:59,
1745,05 Sep 21 15:27:00,05 Sep 21 15:28:07,
1746,05 Sep 21 15:28:07,05 Sep 21 15:28:46,
1747,05 Sep 21 15:29:13,05 Sep 21 15:29:23,
1748,05 Sep 21 15:29:23,05 Sep 21 15:29:32,
1749,05 Sep 21 15:29:32,05 Sep 21 15:29:39,
1750,05 Sep 21 15:29:39,05 Sep 21 15:29:46,
1751,05 Sep 21 15:29:46,05 Sep 21 15:36:47,
1752,05 Sep 21 15:36:51,05 Sep 21 15:38:52,
1753,05 Sep 21 15:39:42,05 Sep 21 15:40:43,
1754,05 Sep 21 15:41:12,05 Sep 21 15:43:05,
1755,05 Sep 21 15:43:06,05 Sep 21 15:44:12,
1756,05 Sep 21 15:44:56,05 Sep 21 15:47:43,
1757,05 Sep 21 15:47:44,05 Sep 21 16:03:03,
1758,05 Sep 21 19:14:31,05 Sep 21 19:17:47,
1759,05 Sep 21 19:42:24,05 Sep 21 22:22:12,
1760,05 Sep 21 22:22:15,05 Sep 21 22:24:31,
1761,05 Sep 21 22:25:53,05 Sep 21 22:50:56,
1762,06 Sep 21 20:15:07,06 Sep 21 20:17:44,
1763,06 Sep 21 20:18:59,06 Sep 21 20:20:04,
1764,06 Sep 21 20:21:17,06 Sep 21 20:30:22,
1765,06 Sep 21 20:31:37,06 Sep 21 20:33:53,
1766,06 Sep 21 20:35:16,06 Sep 21 21:29:52,
1767,06 Sep 21 21:40:26,06 Sep 21 22:00:09,
1768,06 Sep 21 22:01:36,06 Sep 21 22:22:27,
1769,06 Sep 21 22:23:30,06 Sep 21 22:29:45,
1770,06 Sep 21 22:31:06,06 Sep 21 22:39:56,
1771,06 Sep 21 23:31:21,06 Sep 21 23:40:03,
1772,06 Sep 21 23:41:25,06 Sep 21 23:48:07,
1773,06 Sep 21 23:49:21,06 Sep 21 23:51:42,
1774,06 Sep 21 23:53:06,06 Sep 21 23:55:28,
1775,06 Sep 21 23:56:49,07 Sep 21 00:17:33,
1776,07 Sep 21 00:18:58,07 Sep 21 00:23:09,
1777,07 Sep 21 20:51:30,07 Sep 21 21:20:58,
1778,07 Sep 21 22:13:23,07 Sep 21 22:37:11,
1779,07 Sep 21 22:38:37,07 Sep 21 23:04:47,00:26:08.17
1780,07 Sep 21 23:22:24,07 Sep 21 23:23:24,
1781,07 Sep 21 23:24:40,07 Sep 21 23:44:56,
1782,08 Sep 21 22:04:38,08 Sep 21 22:07:51,
1783,08 Sep 21 22:09:07,08 Sep 21 22:11:25,
1784,08 Sep 21 22:12:46,08 Sep 21 22:29:49,
1785,08 Sep 21 22:31:07,08 Sep 21 22:33:25,
1786,08 Sep 21 22:34:47,08 Sep 21 22:35:44,
1787,08 Sep 21 22:37:01,08 Sep 21 22:39:48,
1788,08 Sep 21 22:41:10,08 Sep 21 22:43:33,
1789,08 Sep 21 22:45:08,08 Sep 21 22:46:06,
1790,08 Sep 21 22:48:10,08 Sep 21 22:50:42,
1791,08 Sep 21 22:52:04,08 Sep 21 23:10:10,
1792,09 Sep 21 22:08:39,09 Sep 21 22:10:55,
1793,09 Sep 21 22:12:18,09 Sep 21 22:14:40,
1794,09 Sep 21 22:16:01,09 Sep 21 22:18:25,
1795,09 Sep 21 22:19:46,09 Sep 21 22:22:27,
1796,09 Sep 21 22:23:50,09 Sep 21 22:26:15,
1797,09 Sep 21 22:27:38,09 Sep 21 22:28:38,
1798,09 Sep 21 22:29:52,09 Sep 21 22:32:17,
1799,09 Sep 21 22:33:37,09 Sep 21 22:47:10,
1800,09 Sep 21 22:48:24,09 Sep 21 22:55:34,
1801,09 Sep 21 22:56:49,09 Sep 21 23:02:36,
1802,09 Sep 21 23:03:50,09 Sep 21 23:04:45,
1803,09 Sep 21 23:06:01,09 Sep 21 23:08:20,
1804,09 Sep 21 23:09:44,09 Sep 21 23:12:09,
1805,09 Sep 21 23:13:29,09 Sep 21 23:16:04,
1806,09 Sep 21 23:17:08,09 Sep 21 23:28:33,
1807,09 Sep 21 23:29:45,09 Sep 21 23:32:02,
1808,09 Sep 21 23:33:24,09 Sep 21 23:36:39,
1809,09 Sep 21 23:37:54,09 Sep 21 23:40:32,
1810,09 Sep 21 23:41:29,09 Sep 21 23:47:44,
1811,10 Sep 21 16:39:15,10 Sep 21 16:39:31,
1812,10 Sep 21 16:40:24,10 Sep 21 16:46:59,
1813,10 Sep 21 16:49:57,10 Sep 21 16:52:14,
1814,10 Sep 21 16:52:15,10 Sep 21 16:55:16,
1815,10 Sep 21 16:55:25,10 Sep 21 17:02:34,
1816,10 Sep 21 17:02:49,10 Sep 21 17:05:36,
1817,10 Sep 21 17:05:58,10 Sep 21 17:08:35,
1818,10 Sep 21 17:09:07,10 Sep 21 17:11:00,
1819,10 Sep 21 17:13:26,10 Sep 21 17:15:32,
1820,10 Sep 21 17:15:47,10 Sep 21 17:18:58,
1821,10 Sep 21 17:19:12,10 Sep 21 17:23:09,
1822,10 Sep 21 17:24:30,10 Sep 21 17:26:35,
1823,10 Sep 21 17:26:54,10 Sep 21 17:28:21,
1824,10 Sep 21 17:31:23,10 Sep 21 17:31:33,
1825,10 Sep 21 17:31:37,10 Sep 21 17:31:47,
1826,10 Sep 21 17:32:37,10 Sep 21 17:33:34,
1827,10 Sep 21 17:33:51,10 Sep 21 17:34:38,
1828,10 Sep 21 17:38:13,10 Sep 21 17:38:27,
1829,10 Sep 21 17:38:29,10 Sep 21 17:38:38,
1830,10 Sep 21 17:38:52,10 Sep 21 17:40:13,
1831,10 Sep 21 18:37:55,10 Sep 21 18:47:42,
1832,10 Sep 21 18:48:53,10 Sep 21 18:55:08,
1833,10 Sep 21 18:56:23,10 Sep 21 19:14:31,
1834,10 Sep 21 19:16:08,10 Sep 21 19:22:18,
1835,10 Sep 21 19:23:32,10 Sep 21 19:42:43,
1836,10 Sep 21 19:44:04,10 Sep 21 19:46:27,
1837,10 Sep 21 19:47:48,10 Sep 21 20:02:42,
1838,10 Sep 21 20:46:25,10 Sep 21 20:52:43,
1839,10 Sep 21 20:53:57,10 Sep 21 20:59:54,
1840,10 Sep 21 21:01:08,10 Sep 21 21:08:59,
1841,10 Sep 21 21:10:09,10 Sep 21 21:12:26,
1842,10 Sep 21 21:13:49,10 Sep 21 21:14:49,
1843,10 Sep 21 21:16:03,10 Sep 21 21:22:54,
1844,10 Sep 21 21:24:15,10 Sep 21 21:40:13,
1845,10 Sep 21 22:35:34,10 Sep 21 22:36:34,
1846,10 Sep 21 22:37:48,10 Sep 21 22:51:07,
1847,10 Sep 21 22:58:52,10 Sep 21 23:00:21,
1848,10 Sep 21 23:01:33,10 Sep 21 23:07:32,
1849,10 Sep 21 23:08:49,10 Sep 21 23:18:38,
1850,10 Sep 21 23:19:55,10 Sep 21 23:28:50,
1851,10 Sep 21 23:29:58,10 Sep 21 23:38:27,
1852,10 Sep 21 23:39:53,10 Sep 21 23:45:44,
1853,11 Sep 21 10:42:46,11 Sep 21 11:10:54,
1854,12 Sep 21 18:34:43,12 Sep 21 18:46:46,
1855,12 Sep 21 18:49:53,12 Sep 21 18:58:54,
1856,12 Sep 21 19:00:08,12 Sep 21 19:02:30,
1857,12 Sep 21 19:03:53,12 Sep 21 19:04:50,
1858,12 Sep 21 19:06:04,12 Sep 21 19:22:24,
1859,12 Sep 21 19:23:48,12 Sep 21 19:24:49,
1860,12 Sep 21 19:26:03,12 Sep 21 19:40:17,
1861,12 Sep 21 19:41:36,12 Sep 21 19:43:55,
1862,12 Sep 21 19:45:16,12 Sep 21 19:47:41,
1863,12 Sep 21 19:49:02,12 Sep 21 19:51:24,
1864,12 Sep 21 19:52:43,12 Sep 21 19:55:08,
1865,12 Sep 21 19:56:29,12 Sep 21 20:20:41,
1866,12 Sep 21 20:22:05,12 Sep 21 20:31:38,
1867,12 Sep 21 20:32:53,12 Sep 21 20:46:48,
1868,12 Sep 21 20:48:11,12 Sep 21 20:54:28,
1869,12 Sep 21 20:55:42,12 Sep 21 21:13:37,
1870,12 Sep 21 21:13:47,12 Sep 21 21:15:33,
1871,12 Sep 21 21:16:50,12 Sep 21 21:17:50,
1872,12 Sep 21 21:19:04,12 Sep 21 21:21:31,
1873,12 Sep 21 21:22:52,12 Sep 21 21:31:52,
1874,12 Sep 21 23:18:56,12 Sep 21 23:28:31,
1875,13 Sep 21 20:29:14,13 Sep 21 20:47:49,
1876,13 Sep 21 20:47:52,13 Sep 21 20:47:57,
1877,13 Sep 21 21:09:59,13 Sep 21 22:02:37,
1878,13 Sep 21 22:04:12,13 Sep 21 22:06:34,
1879,13 Sep 21 22:07:54,13 Sep 21 22:16:50,
1880,13 Sep 21 22:18:05,13 Sep 21 22:26:59,
1881,14 Sep 21 20:03:54,14 Sep 21 20:10:06,
1882,14 Sep 21 20:13:59,14 Sep 21 20:16:50,
1883,14 Sep 21 20:17:54,14 Sep 21 20:20:20,
1884,14 Sep 21 20:21:49,14 Sep 21 20:22:50,
1885,14 Sep 21 20:25:23,14 Sep 21 20:26:45,
1886,14 Sep 21 20:28:04,14 Sep 21 20:29:24,
1887,14 Sep 21 20:30:37,14 Sep 21 20:53:38,
1888,14 Sep 21 20:55:04,14 Sep 21 21:45:12,
1889,14 Sep 21 21:48:53,14 Sep 21 21:51:36,
1890,14 Sep 21 21:52:45,14 Sep 21 22:04:12,
1891,14 Sep 21 22:05:28,14 Sep 21 22:06:30,
1892,14 Sep 21 22:07:43,14 Sep 21 22:14:26,
1893,14 Sep 21 22:15:42,14 Sep 21 22:28:47,
1894,14 Sep 21 22:30:08,14 Sep 21 22:31:03,
1895,14 Sep 21 22:32:17,14 Sep 21 22:45:14,
1896,14 Sep 21 22:46:28,14 Sep 21 22:49:15,
1897,14 Sep 21 22:50:28,14 Sep 21 23:08:28,
1898,14 Sep 21 23:09:45,14 Sep 21 23:12:05,
1899,16 Sep 21 10:38:38,16 Sep 21 10:39:36,
1900,16 Sep 21 10:40:51,16 Sep 21 10:43:10,
1901,16 Sep 21 10:44:36,16 Sep 21 10:46:53,
1902,16 Sep 21 10:48:21,16 Sep 21 11:04:31,
1903,16 Sep 21 11:06:07,16 Sep 21 11:07:05,
1904,16 Sep 21 11:08:18,16 Sep 21 11:09:17,
1905,16 Sep 21 11:10:30,16 Sep 21 11:28:15,
1906,16 Sep 21 11:44:06,16 Sep 21 11:46:32,
1907,16 Sep 21 11:47:51,16 Sep 21 11:48:57,
1908,16 Sep 21 11:50:12,16 Sep 21 12:03:07,
1909,16 Sep 21 12:04:19,16 Sep 21 12:06:42,
1910,16 Sep 21 12:08:09,16 Sep 21 12:10:33,
1911,16 Sep 21 12:11:53,16 Sep 21 12:14:14,
1912,16 Sep 21 12:15:38,16 Sep 21 12:33:39,
1913,16 Sep 21 12:35:02,16 Sep 21 12:36:00,
1914,16 Sep 21 12:37:14,16 Sep 21 12:38:12,
1915,16 Sep 21 12:39:25,16 Sep 21 12:57:48,
1916,16 Sep 21 13:02:29,16 Sep 21 14:43:51,
1917,16 Sep 21 14:44:57,16 Sep 21 14:54:41,
1918,16 Sep 21 14:56:04,16 Sep 21 14:58:26,
1919,16 Sep 21 14:59:49,16 Sep 21 15:22:51,
1920,16 Sep 21 15:23:56,16 Sep 21 15:24:52,
1921,16 Sep 21 15:26:04,16 Sep 21 15:28:14,
1922,16 Sep 21 15:28:18,16 Sep 21 15:31:01,
1923,16 Sep 21 15:32:36,16 Sep 21 15:34:59,
1924,16 Sep 21 15:36:23,16 Sep 21 15:38:59,
1925,16 Sep 21 15:40:09,16 Sep 21 15:53:58,
1926,16 Sep 21 15:55:19,16 Sep 21 15:57:38,
1927,16 Sep 21 15:59:04,16 Sep 21 16:01:21,
1928,16 Sep 21 16:02:51,16 Sep 21 16:11:49,
1929,16 Sep 21 16:13:16,16 Sep 21 16:22:34,
1930,16 Sep 21 16:23:42,16 Sep 21 16:26:07,
1931,16 Sep 21 16:27:55,16 Sep 21 16:29:21,
1932,16 Sep 21 16:30:32,16 Sep 21 16:31:36,
1933,16 Sep 21 16:32:48,16 Sep 21 22:08:19,
1934,16 Sep 21 22:12:01,16 Sep 21 22:14:34,
1935,16 Sep 21 22:15:56,16 Sep 21 22:16:59,
1936,16 Sep 21 22:18:13,16 Sep 21 22:30:53,
1937,16 Sep 21 22:32:09,16 Sep 21 22:33:10,
1938,16 Sep 21 22:34:24,16 Sep 21 22:41:33,
1939,16 Sep 21 22:42:48,16 Sep 21 22:49:47,
1940,16 Sep 21 22:51:02,16 Sep 21 22:53:23,
1941,16 Sep 21 22:54:52,16 Sep 21 22:55:56,
1942,16 Sep 21 22:57:09,16 Sep 21 22:59:48,
1943,16 Sep 21 23:01:11,16 Sep 21 23:10:36,
1944,16 Sep 21 23:12:03,16 Sep 21 23:28:03,
1945,16 Sep 21 23:29:18,16 Sep 21 23:36:06,
1946,16 Sep 21 23:38:18,16 Sep 21 23:41:28,
1947,16 Sep 21 23:42:43,16 Sep 21 23:48:50,
1948,16 Sep 21 23:50:06,16 Sep 21 23:51:10,
1949,16 Sep 21 23:52:56,16 Sep 21 23:53:56,
1950,16 Sep 21 23:55:19,16 Sep 21 23:56:48,
1951,16 Sep 21 23:58:02,17 Sep 21 00:07:07,
1952,17 Sep 21 00:08:17,17 Sep 21 00:19:41,
1953,17 Sep 21 00:20:56,17 Sep 21 00:30:36,
1954,17 Sep 21 00:32:00,17 Sep 21 00:43:48,
1955,17 Sep 21 00:45:13,17 Sep 21 00:47:28,
1956,17 Sep 21 00:48:50,17 Sep 21 01:01:50,
1957,17 Sep 21 01:03:04,17 Sep 21 01:21:34,
1958,17 Sep 21 01:23:00,17 Sep 21 01:25:19,
1959,17 Sep 21 01:26:40,17 Sep 21 01:42:06,
1960,17 Sep 21 01:43:23,17 Sep 21 01:45:52,
1961,17 Sep 21 01:47:16,17 Sep 21 01:49:36,
1962,17 Sep 21 01:50:58,17 Sep 21 02:46:01,
1963,17 Sep 21 11:50:52,17 Sep 21 11:57:53,
1964,17 Sep 21 11:59:12,17 Sep 21 12:01:49,
1965,17 Sep 21 12:06:12,17 Sep 21 12:15:05,
1966,17 Sep 21 12:16:13,17 Sep 21 12:18:57,
1967,17 Sep 21 12:20:18,17 Sep 21 12:22:42,
1968,17 Sep 21 12:24:02,17 Sep 21 12:26:25,
1969,17 Sep 21 15:03:07,17 Sep 21 15:06:28,
1970,17 Sep 21 15:07:48,17 Sep 21 15:24:05,
1971,17 Sep 21 15:25:42,17 Sep 21 15:33:02,
1972,17 Sep 21 15:34:16,17 Sep 21 15:43:48,
1973,17 Sep 21 15:45:08,17 Sep 21 15:55:26,
1974,17 Sep 21 15:56:58,17 Sep 21 15:59:13,
1975,17 Sep 21 16:00:39,17 Sep 21 16:11:28,
1976,17 Sep 21 16:12:53,17 Sep 21 16:33:59,
1977,17 Sep 21 16:35:50,17 Sep 21 16:44:41,
1978,17 Sep 21 16:46:02,17 Sep 21 16:59:18,
1979,17 Sep 21 17:00:42,17 Sep 21 17:10:40,
1980,17 Sep 21 17:12:54,17 Sep 21 17:15:19,
1981,17 Sep 21 17:16:30,17 Sep 21 17:19:09,
1982,17 Sep 21 17:20:32,17 Sep 21 22:12:26,
1983,17 Sep 21 22:18:54,17 Sep 21 22:21:15,
1984,17 Sep 21 22:22:49,17 Sep 21 22:25:32,
1985,17 Sep 21 22:26:34,17 Sep 21 22:27:36,
1986,17 Sep 21 22:28:51,17 Sep 21 22:46:47,
1987,17 Sep 21 22:49:58,17 Sep 21 23:06:44,
1988,17 Sep 21 23:08:10,17 Sep 21 23:08:16,
1989,17 Sep 21 23:09:42,17 Sep 21 23:12:01,
1990,17 Sep 21 23:13:24,17 Sep 21 23:47:44,
1991,17 Sep 21 23:49:01,18 Sep 21 00:01:46,
1992,18 Sep 21 00:02:50,18 Sep 21 00:05:55,
1993,18 Sep 21 00:07:16,18 Sep 21 00:16:01,
1994,18 Sep 21 00:17:16,18 Sep 21 00:19:44,
1995,18 Sep 21 00:21:05,18 Sep 21 00:37:27,
1996,18 Sep 21 00:40:43,18 Sep 21 01:03:38,
1997,18 Sep 21 01:04:54,18 Sep 21 01:07:10,
1998,18 Sep 21 01:08:33,18 Sep 21 01:27:27,
1999,18 Sep 21 01:28:44,18 Sep 21 01:48:06,
2000,18 Sep 21 12:57:25,18 Sep 21 13:17:28,
2001,18 Sep 21 19:09:01,18 Sep 21 19:15:13,
2002,19 Sep 21 00:49:33,19 Sep 21 00:57:15,
2003,19 Sep 21 00:59:54,19 Sep 21 01:02:14,
2004,19 Sep 21 01:11:40,19 Sep 21 01:18:10,
2005,19 Sep 21 01:25:43,19 Sep 21 01:26:46,
2006,19 Sep 21 01:28:10,19 Sep 21 01:36:55,
2007,19 Sep 21 01:39:43,19 Sep 21 01:42:05,
2008,19 Sep 21 01:43:32,19 Sep 21 02:10:17,
2009,19 Sep 21 20:19:32,19 Sep 21 20:32:15,
2010,19 Sep 21 20:33:31,19 Sep 21 20:34:37,
2011,19 Sep 21 20:35:52,19 Sep 21 20:47:23,
2012,19 Sep 21 20:50:34,19 Sep 21 20:51:37,
2013,19 Sep 21 20:53:10,19 Sep 21 20:56:18,
2014,19 Sep 21 20:56:19,19 Sep 21 20:56:24,
2015,19 Sep 21 20:59:15,19 Sep 21 20:59:21,
2016,19 Sep 21 21:00:33,19 Sep 21 21:02:59,
2017,19 Sep 21 21:04:20,19 Sep 21 21:06:53,
2018,19 Sep 21 21:08:06,19 Sep 21 21:09:01,
2019,19 Sep 21 21:10:21,19 Sep 21 21:19:14,
2020,19 Sep 21 22:18:12,19 Sep 21 22:24:53,
2021,19 Sep 21 22:26:07,19 Sep 21 22:32:41,
2022,19 Sep 21 22:33:55,19 Sep 21 22:46:59,
2023,19 Sep 21 22:48:48,19 Sep 21 22:49:44,
2024,19 Sep 21 22:50:56,19 Sep 21 22:53:15,
2025,19 Sep 21 22:54:35,19 Sep 21 22:55:36,
2026,19 Sep 21 22:56:48,19 Sep 21 23:08:02,
2027,20 Sep 21 22:38:47,20 Sep 21 22:41:50,
2028,21 Sep 21 22:15:33,21 Sep 21 22:29:52,
2029,21 Sep 21 22:31:17,21 Sep 21 22:33:38,
2030,21 Sep 21 22:35:07,21 Sep 21 22:41:42,
2031,21 Sep 21 22:43:03,21 Sep 21 22:48:59,
2032,21 Sep 21 22:50:12,21 Sep 21 22:59:07,
2033,21 Sep 21 23:00:17,21 Sep 21 23:03:30,
2034,21 Sep 21 23:04:01,21 Sep 21 23:10:10,
2035,25 Sep 21 15:26:13,25 Sep 21 15:27:49,
2036,25 Sep 21 15:29:02,25 Sep 21 15:31:29,
2037,25 Sep 21 15:32:51,25 Sep 21 15:34:12,
2038,25 Sep 21 15:35:26,25 Sep 21 16:39:36,
2039,25 Sep 21 16:39:37,25 Sep 21 16:39:38,
2040,25 Sep 21 16:40:35,25 Sep 21 16:40:40,
2041,25 Sep 21 17:23:12,25 Sep 21 17:24:11,
2042,25 Sep 21 17:25:31,25 Sep 21 17:31:15,
2043,25 Sep 21 17:32:19,25 Sep 21 17:49:47,
2044,08 Oct 21 21:01:17,08 Oct 21 21:35:07,00:32:43.67
2045,09 Oct 21 16:00:38,09 Oct 21 16:32:40,
2046,09 Oct 21 20:51:00,09 Oct 21 21:18:03,00:27:01.22
2047,09 Oct 21 22:13:50,09 Oct 21 22:14:39,
2048,10 Oct 21 11:01:37,10 Oct 21 11:01:40,
2049,10 Oct 21 11:02:42,10 Oct 21 11:30:42,00:27:58.34
2050,10 Oct 21 18:08:10,10 Oct 21 18:35:46,00:27:34.70
2051,11 Oct 21 16:02:15,11 Oct 21 16:31:39,00:29:21.83
2052,11 Oct 21 16:36:09,11 Oct 21 16:37:16,
2053,11 Oct 21 16:38:31,11 Oct 21 16:39:43,
2054,11 Oct 21 16:40:56,11 Oct 21 16:41:50,
2055,11 Oct 21 16:43:04,11 Oct 21 16:45:21,
2056,11 Oct 21 16:45:24,11 Oct 21 16:45:41,
2057,11 Oct 21 16:46:45,11 Oct 21 16:55:36,
2058,11 Oct 21 16:57:02,11 Oct 21 17:03:09,
2059,11 Oct 21 17:04:24,11 Oct 21 17:21:15,
2060,11 Oct 21 17:31:40,11 Oct 21 17:43:18,
2061,11 Oct 21 17:44:36,11 Oct 21 17:56:36,
2062,11 Oct 21 17:57:56,11 Oct 21 18:06:30,
2063,11 Oct 21 18:07:53,11 Oct 21 18:14:29,
